{
	"credit": "loaf",
	"texture_size": [64, 64],
	"textures": {
		"1": "item/crossbow/crossbow"
	},
	"elements": [
		{
			"from": [6.95, -0.3, 13.7],
			"to": [9.05, 3.8, 19.8],
			"rotation": {"angle": 0, "axis": "y", "origin": [6, 2.25, 8.5]},
			"faces": {
				"north": {"uv": [1.5, 1.5, 2, 2.5], "texture": "#1"},
				"east": {"uv": [0, 1.5, 1.5, 2.5], "texture": "#1"},
				"south": {"uv": [3.5, 1.5, 4, 2.5], "texture": "#1"},
				"west": {"uv": [2, 1.5, 3.5, 2.5], "texture": "#1"},
				"up": {"uv": [2, 1.5, 1.5, 0], "texture": "#1"},
				"down": {"uv": [2.5, 0, 2, 1.5], "texture": "#1"}
			}
		},
		{
			"from": [7, 1.88149, 8.30694],
			"to": [9, 4.88149, 14.30694],
			"rotation": {"angle": 22.5, "axis": "x", "origin": [6, 2.25, 8.5]},
			"faces": {
				"north": {"uv": [1.5, 4, 2, 4.75], "texture": "#1"},
				"east": {"uv": [0, 4, 1.5, 4.75], "texture": "#1"},
				"south": {"uv": [3.5, 4, 4, 4.75], "texture": "#1"},
				"west": {"uv": [2, 4, 3.5, 4.75], "texture": "#1"},
				"up": {"uv": [2, 4, 1.5, 2.5], "texture": "#1"},
				"down": {"uv": [2.5, 2.5, 2, 4], "texture": "#1"}
			}
		},
		{
			"from": [6.9, 2.65, -6.85],
			"to": [9.1, 4.85, 9.35],
			"rotation": {"angle": 0, "axis": "y", "origin": [6, 2.25, 8.5]},
			"faces": {
				"north": {"uv": [5.25, 5.25, 5.75, 5.75], "texture": "#1"},
				"east": {"uv": [1.25, 5.25, 5.25, 5.75], "texture": "#1"},
				"south": {"uv": [9.75, 5.25, 10.25, 5.75], "texture": "#1"},
				"west": {"uv": [5.75, 5.25, 9.75, 5.75], "texture": "#1"},
				"up": {"uv": [5.75, 5.25, 5.25, 1.25], "texture": "#1"},
				"down": {"uv": [6.25, 1.25, 5.75, 5.25], "texture": "#1"}
			}
		},
		{
			"from": [6.95, 1.7, -1.8],
			"to": [9.05, 2.8, 9.3],
			"rotation": {"angle": 0, "axis": "y", "origin": [6, 2.25, 8.5]},
			"faces": {
				"north": {"uv": [4, 9.75, 4.5, 10], "texture": "#1"},
				"east": {"uv": [1.25, 9.75, 4, 10], "texture": "#1"},
				"south": {"uv": [7.25, 9.75, 7.75, 10], "texture": "#1"},
				"west": {"uv": [4.5, 9.75, 7.25, 10], "texture": "#1"},
				"up": {"uv": [4.5, 9.75, 4, 7], "texture": "#1"},
				"down": {"uv": [5, 7, 4.5, 9.75], "texture": "#1"}
			}
		},
		{
			"from": [9.125, 3.25, 6.25],
			"to": [9.125, 6.25, 8.25],
			"rotation": {"angle": 0, "axis": "y", "origin": [6.025, 2.25, 8.5]},
			"faces": {
				"north": {"uv": [0.5, 2.5, 0.5, 3.25], "texture": "#1"},
				"east": {"uv": [0, 2.5, 0.5, 3.25], "texture": "#1"},
				"south": {"uv": [1, 2.5, 1, 3.25], "texture": "#1"},
				"west": {"uv": [0.5, 2.5, 1, 3.25], "texture": "#1"},
				"up": {"uv": [0.5, 2.5, 0.5, 2], "texture": "#1"},
				"down": {"uv": [0.5, 2, 0.5, 2.5], "texture": "#1"}
			}
		},
		{
			"from": [9.125, 6.25, 6.25],
			"to": [10.125, 6.25, 8.25],
			"rotation": {"angle": 0, "axis": "y", "origin": [6.025, 2.25, 8.5]},
			"faces": {
				"north": {"uv": [0.5, 0.5, 0.75, 0.5], "texture": "#1"},
				"east": {"uv": [0, 0.5, 0.5, 0.5], "texture": "#1"},
				"south": {"uv": [1.25, 0.5, 1.5, 0.5], "texture": "#1"},
				"west": {"uv": [0.75, 0.5, 1.25, 0.5], "texture": "#1"},
				"up": {"uv": [0.75, 0.5, 0.5, 0], "texture": "#1"},
				"down": {"uv": [1, 0, 0.75, 0.5], "texture": "#1"}
			}
		},
		{
			"from": [8, 0, 6],
			"to": [8, 3, 9],
			"rotation": {"angle": 0, "axis": "y", "origin": [6, 2.25, 7.5]},
			"faces": {
				"north": {"uv": [0.75, 0.75, 0.75, 1.5], "texture": "#1"},
				"east": {"uv": [0, 0.75, 0.75, 1.5], "texture": "#1"},
				"south": {"uv": [1.5, 0.75, 1.5, 1.5], "texture": "#1"},
				"west": {"uv": [0.75, 0.75, 1.5, 1.5], "texture": "#1"},
				"up": {"uv": [0.75, 0.75, 0.75, 0], "texture": "#1"},
				"down": {"uv": [0.75, 0, 0.75, 0.75], "texture": "#1"}
			}
		}
	],
	"gui_light": "front",
	"display": {
		"thirdperson_righthand": {
			"rotation": [0, -5, 0],
			"translation": [0, 6.25, 0.25]
		},
		"thirdperson_lefthand": {
			"rotation": [0, -5, 0],
			"translation": [0, 6.25, 0.25]
		},
		"firstperson_righthand": {
			"rotation": [5, -9, 0],
			"translation": [1.5, 7, 0.25]
		},
		"firstperson_lefthand": {
			"rotation": [5, -9, 0],
			"translation": [1.5, 7, 0.25]
		},
		"ground": {
			"rotation": [0, 0, 90],
			"translation": [-5, -2, 2]
		},
		"gui": {
			"rotation": [132.81, -46.32, 123.84],
			"translation": [-2.75, 3.25, 0],
			"scale": [0.75, 0.75, 0.75]
		},
		"head": {
			"translation": [0, 9.5, 0],
			"scale": [1.5, 1.5, 1.5]
		},
		"fixed": {
			"rotation": [0, 90, 0],
			"translation": [3.75, 10, 0],
			"scale": [2, 2, 2]
		}
	},
	"groups": [
		{
			"name": "group",
			"origin": [-1, 0, 7],
			"color": 0,
			"children": [0, 1, 2, 3, 4, 5, 6]
		}
	]
}