{
	"__comment": "Designed by Galingueur with Cubik Studio - https://cubik.studio",
	"textures": {
		"texture": "item/ingot_palladium_cobalt"
	},
	"elements": [
		{
			"__comment": "Cube1",
			"from": [ 3, 0, 5.5 ],
			"to": [ 13, 4, 11.5 ],
			"faces": {
				"down": { "uv": [ 0, 0, 10, 6 ], "texture": "#texture" },
				"up": { "uv": [ 0, 0, 10, 6 ], "texture": "#texture" },
				"north": { "uv": [ 0, 7, 10, 11 ], "texture": "#texture" },
				"south": { "uv": [ 0, 7, 10, 11 ], "texture": "#texture" },
				"west": { "uv": [ 11, 0, 15, 6 ], "texture": "#texture", "rotation": 90 },
				"east": { "uv": [ 11, 0, 15, 6 ], "texture": "#texture", "rotation": 90 }
			}
		}
	],
	"display": {
		"thirdperson_righthand": {
			"rotation":  [ -6, 117, 0 ],
			"translation":  [ 0, 5.5652, -3.478 ]
		},
		"thirdperson_lefthand": {
			"rotation":  [ -6, 117, 0 ],
			"translation":  [ 0, 5.5652, -3.478 ]
		},
		"firstperson_righthand": {
			"rotation":  [ 35, 112, -35 ],
			"translation":  [ 1.3912, 9.0434, 2.7826 ]
		},
		"firstperson_lefthand": {
			"rotation":  [ 35, 112, -35 ],
			"translation":  [ 1.3912, 9.0434, 2.7826 ]
		},
		"gui": {
			"rotation":  [ 30, 225, 0 ],
			"translation":  [ 1, 6, 0 ],
			"scale":  [ 1.3, 1.3, 1.3 ]
		},
		"head": {
			"translation":  [ -0.694, 16.695, 0 ],
			"scale":  [ 2, 2, 2 ]
		},
		"ground": {
			"translation":  [ 0, 6.9565, 0 ]
		},
		"fixed": {
			"rotation":  [ 90, 0, 0 ],
			"translation":  [ 0, 0, 11.13 ],
			"scale":  [ 2, 2, 2 ]
		}
	}
}