{
	"__comment": "Designed by Galingueur with Cubik Studio - https://cubik.studio",
	"textures": {
		"particle": "block/m_fence_netherbrick",
		"texture": "block/m_fence_netherbrick"
	},
	"elements": [
		{
			"__comment": "Cube4",
			"from": [ 6, 0, 6 ],
			"to": [ 10, 16, 10 ],
			"faces": {
				"down": { "uv": [ 12, 12, 16, 16 ], "texture": "#texture" },
				"up": { "uv": [ 12, 12, 16, 16 ], "texture": "#texture" },
				"north": { "uv": [ 0, 0, 4, 16 ], "texture": "#texture" },
				"south": { "uv": [ 0, 0, 4, 16 ], "texture": "#texture" },
				"west": { "uv": [ 0, 0, 4, 16 ], "texture": "#texture" },
				"east": { "uv": [ 0, 0, 4, 15.5 ], "texture": "#texture" }
			}
		},
		{
			"__comment": "Cube4",
			"from": [ 6, 2, 10 ],
			"to": [ 10, 11, 16 ],
			"faces": {
				"down": { "uv": [ 12, 0, 16, 6 ], "texture": "#texture" },
				"up": { "uv": [ 12, 0, 16, 6 ], "texture": "#texture" },
				"north": { "uv": [ 5, 0, 7, 9 ], "texture": "#texture" },
				"south": { "uv": [ 5, 0, 7, 9 ], "texture": "#texture" },
				"west": { "uv": [ 11, 0, 5, 9 ], "texture": "#texture" },
				"east": { "uv": [ 11, 0, 5, 9 ], "texture": "#texture" }
			}
		},
		{
			"__comment": "Cube4",
			"from": [ 6, 13, 10 ],
			"to": [ 10, 16, 16 ],
			"faces": {
				"down": { "uv": [ 12, 0, 16, 6 ], "texture": "#texture" },
				"up": { "uv": [ 12, 0, 16, 6 ], "texture": "#texture" },
				"north": { "uv": [ 6, 9, 10, 12 ], "texture": "#texture" },
				"south": { "uv": [ 6, 9, 10, 12 ], "texture": "#texture" },
				"west": { "uv": [ 11, 9, 5, 12 ], "texture": "#texture" },
				"east": { "uv": [ 11, 9, 5, 12 ], "texture": "#texture" }
			}
		},
		{
			"__comment": "Cube4",
			"from": [ 6, 13, 0 ],
			"to": [ 10, 16, 6 ],
			"faces": {
				"down": { "uv": [ 12, 0, 16, 6 ], "texture": "#texture" },
				"up": { "uv": [ 12, 0, 16, 6 ], "texture": "#texture" },
				"north": { "uv": [ 6, 9, 10, 12 ], "texture": "#texture" },
				"south": { "uv": [ 6, 9, 10, 12 ], "texture": "#texture" },
				"west": { "uv": [ 11, 9, 5, 12 ], "texture": "#texture" },
				"east": { "uv": [ 11, 9, 5, 12 ], "texture": "#texture" }
			}
		},
		{
			"__comment": "Cube4",
			"from": [ 6, 2, 0 ],
			"to": [ 10, 11, 6 ],
			"faces": {
				"down": { "uv": [ 12, 0, 16, 6 ], "texture": "#texture" },
				"up": { "uv": [ 12, 0, 16, 6 ], "texture": "#texture" },
				"north": { "uv": [ 5, 0, 7, 9 ], "texture": "#texture" },
				"south": { "uv": [ 5, 0, 7, 9 ], "texture": "#texture" },
				"west": { "uv": [ 11, 0, 5, 9 ], "texture": "#texture" },
				"east": { "uv": [ 11, 0, 5, 9 ], "texture": "#texture" }
			}
		}
	],
	"display": {
		"thirdperson_righthand": {
			"rotation":  [ 75, 45, 0 ],
			"translation":  [ 0, 2.5, 0 ],
			"scale":  [ 0.375, 0.375, 0.375 ]
		},
		"thirdperson_lefthand": {
			"rotation":  [ 75, 45, 0 ],
			"translation":  [ 0, 2.5, 0 ],
			"scale":  [ 0.375, 0.375, 0.375 ]
		},
		"firstperson_righthand": {
			"rotation":  [ 0, 45, 0 ],
			"scale":  [ 0.4, 0.4, 0.4 ]
		},
		"firstperson_lefthand": {
			"rotation":  [ 0, 45, 0 ],
			"scale":  [ 0.4, 0.4, 0.4 ]
		},
		"gui": {
			"rotation":  [ 30, 225, 0 ],
			"scale":  [ 0.625, 0.625, 0.625 ]
		},
		"ground": {
			"translation":  [ 0, 3, 0 ],
			"scale":  [ 0.25, 0.25, 0.25 ]
		},
		"fixed": {
			"rotation":  [ 0, 90, 0 ],
			"translation":  [ 0, 0, -2 ],
			"scale":  [ 2, 2, 2 ]
		}
	}
}