{
	"__comment": "Designed by Galingueur with Cubik Studio - https://cubik.studio",
	"textures": {
		"particle": "block/m_fence_dark_oak",
		"texture": "block/m_fence_dark_oak",
		"texture1": "block/m_fence_dark_oak_top"
	},
	"elements": [
		{
			"__comment": "Cube1",
			"from": [ 6.5, 3, 10 ],
			"to": [ 9.5, 16, 16 ],
			"faces": {
				"down": { "uv": [ 10, 0, 13, 6 ], "texture": "#texture1" },
				"up": { "uv": [ 10, 10, 13, 16 ], "texture": "#texture1" },
				"north": { "uv": [ 0, 0, 3, 13 ], "texture": "#texture" },
				"south": { "uv": [ 0, 0, 3, 13 ], "texture": "#texture" },
				"west": { "uv": [ 10, 0, 16, 13 ], "texture": "#texture" },
				"east": { "uv": [ 0, 0, 6, 13 ], "texture": "#texture" }
			}
		},
		{
			"__comment": "Cube1",
			"from": [ 6.5, 3, 0 ],
			"to": [ 9.5, 16, 6 ],
			"faces": {
				"down": { "uv": [ 10, 10, 13, 16 ], "texture": "#texture1" },
				"up": { "uv": [ 10, 0, 13, 6 ], "texture": "#texture1" },
				"north": { "uv": [ 13, 0, 16, 13 ], "texture": "#texture" },
				"south": { "uv": [ 13, 0, 16, 13 ], "texture": "#texture" },
				"west": { "uv": [ 0, 0, 6, 13 ], "texture": "#texture" },
				"east": { "uv": [ 10, 0, 16, 13 ], "texture": "#texture" }
			}
		},
		{
			"__comment": "Cube1",
			"from": [ 5, 0, 0 ],
			"to": [ 11, 3, 16 ],
			"faces": {
				"down": { "uv": [ 1, 0, 5, 16 ], "texture": "#texture1" },
				"up": { "uv": [ 1, 0, 5, 16 ], "texture": "#texture1" },
				"north": { "uv": [ 5, 13, 11, 16 ], "texture": "#texture" },
				"south": { "uv": [ 5, 13, 11, 16 ], "texture": "#texture" },
				"west": { "uv": [ 0, 13, 16, 16 ], "texture": "#texture" },
				"east": { "uv": [ 0, 13, 16, 16 ], "texture": "#texture" }
			}
		},
		{
			"__comment": "Cube1",
			"from": [ 7, 17, 7 ],
			"to": [ 9, 19.75, 9 ],
			"faces": {
				"down": { "uv": [ 7, 1, 9, 3 ], "texture": "#texture1" },
				"up": { "uv": [ 7, 1, 9, 3 ], "texture": "#texture1" },
				"north": { "uv": [ 6, 6, 7, 8 ], "texture": "#texture" },
				"south": { "uv": [ 9, 9, 10, 11 ], "texture": "#texture" },
				"west": { "uv": [ 6, 3, 7, 5 ], "texture": "#texture" },
				"east": { "uv": [ 9, 2, 10, 4 ], "texture": "#texture" }
			}
		},
		{
			"__comment": "Cube1",
			"from": [ 5.5, 3, 2 ],
			"to": [ 7.5, 16.75, 4 ],
			"faces": {
				"down": { "uv": [ 14, 14, 16, 16 ], "texture": "#texture1" },
				"up": { "uv": [ 8, 14, 10, 16 ], "texture": "#texture1" },
				"north": { "uv": [ 8, 4, 6, 16 ], "texture": "#texture1" },
				"south": { "uv": [ 6, 4, 8, 16 ], "texture": "#texture1" },
				"west": { "uv": [ 14, 0, 16, 12 ], "texture": "#texture1" },
				"east": { "uv": [ 14, 0, 16, 12 ], "texture": "#texture1" }
			}
		},
		{
			"__comment": "Cube1",
			"from": [ 8.5, 3, 12 ],
			"to": [ 10.5, 16.75, 14 ],
			"faces": {
				"down": { "uv": [ 14, 14, 16, 16 ], "texture": "#texture1" },
				"up": { "uv": [ 10, 16, 8, 14 ], "texture": "#texture1" },
				"north": { "uv": [ 6, 4, 8, 16 ], "texture": "#texture1" },
				"south": { "uv": [ 8, 4, 6, 16 ], "texture": "#texture1" },
				"west": { "uv": [ 14, 0, 16, 12 ], "texture": "#texture1" },
				"east": { "uv": [ 14, 0, 16, 12 ], "texture": "#texture1" }
			}
		},
		{
			"__comment": "Cube1",
			"from": [ 5.5, 3, 12 ],
			"to": [ 7.5, 16.75, 14 ],
			"faces": {
				"down": { "uv": [ 14, 14, 16, 16 ], "texture": "#texture1" },
				"up": { "uv": [ 8, 14, 10, 16 ], "texture": "#texture1" },
				"north": { "uv": [ 8, 4, 6, 16 ], "texture": "#texture1" },
				"south": { "uv": [ 6, 4, 8, 16 ], "texture": "#texture1" },
				"west": { "uv": [ 14, 0, 16, 12 ], "texture": "#texture1" },
				"east": { "uv": [ 14, 0, 16, 12 ], "texture": "#texture1" }
			}
		},
		{
			"__comment": "Cube1",
			"from": [ 8.5, 3, 2 ],
			"to": [ 10.5, 16.75, 4 ],
			"faces": {
				"down": { "uv": [ 14, 14, 16, 16 ], "texture": "#texture1" },
				"up": { "uv": [ 10, 16, 8, 14 ], "texture": "#texture1" },
				"north": { "uv": [ 6, 4, 8, 16 ], "texture": "#texture1" },
				"south": { "uv": [ 8, 4, 6, 16 ], "texture": "#texture1" },
				"west": { "uv": [ 14, 0, 16, 12 ], "texture": "#texture1" },
				"east": { "uv": [ 14, 0, 16, 12 ], "texture": "#texture1" }
			}
		},
		{
			"__comment": "Cube1",
			"from": [ 6, 0, 6 ],
			"to": [ 10, 17, 10 ],
			"faces": {
				"down": { "uv": [ 6, 6, 10, 10 ], "texture": "#texture1" },
				"up": { "uv": [ 6, 0, 10, 4 ], "texture": "#texture1" },
				"north": { "uv": [ 6, 0, 10, 16 ], "texture": "#texture" },
				"south": { "uv": [ 6, 0, 10, 16 ], "texture": "#texture" },
				"west": { "uv": [ 6, 0, 10, 16 ], "texture": "#texture" },
				"east": { "uv": [ 6, 0, 10, 16 ], "texture": "#texture" }
			}
		}
	],
	"display": {
		"thirdperson_righthand": {
			"rotation":  [ 75, 45, 0 ],
			"translation":  [ 0, 2.5, 0 ],
			"scale":  [ 0.375, 0.375, 0.375 ]
		},
		"thirdperson_lefthand": {
			"rotation":  [ 75, 45, 0 ],
			"translation":  [ 0, 2.5, 0 ],
			"scale":  [ 0.375, 0.375, 0.375 ]
		},
		"firstperson_righthand": {
			"rotation":  [ 0, 45, 0 ],
			"scale":  [ 0.4, 0.4, 0.4 ]
		},
		"firstperson_lefthand": {
			"rotation":  [ 0, 45, 0 ],
			"scale":  [ 0.4, 0.4, 0.4 ]
		},
		"gui": {
			"rotation":  [ 30, 225, 0 ],
			"scale":  [ 0.625, 0.625, 0.625 ]
		},
		"ground": {
			"translation":  [ 0, 3, 0 ],
			"scale":  [ 0.25, 0.25, 0.25 ]
		},
		"fixed": {
			"rotation":  [ 0, 90, 0 ],
			"translation":  [ 0, 0, -4 ],
			"scale":  [ 2, 2, 2 ]
		}
	}
}