{
  "multipart": [
    {
    	"when": {
        "south": "side",
        "east": "side"
      },
      "apply": {
        "model": "minecraft:block/redstone_dust_turn"
    	}
    },
    {
    	"when": {
        "south": "side",
        "west": "side"
      },
      "apply": {
        "model": "minecraft:block/redstone_dust_turn",
        "y": 90
    	}
    },
    {
    	"when": {
        "north": "side",
        "west": "side"
      },
      "apply": {
        "model": "minecraft:block/redstone_dust_turn",
        "y": 180
    	}
    },
    {
    	"when": {
        "north": "side",
        "east": "side"
      },
      "apply": {
        "model": "minecraft:block/redstone_dust_turn",
        "y": 270
    	}
    },
    {
    	"when": {
        "north": "side",
        "south": "side"
      },
      "apply": {
        "model": "minecraft:block/redstone_dust_straight"
    	}
    },
    {
    	"when": {
        "east": "side",
        "west": "side"
      },
      "apply": {
        "model": "minecraft:block/redstone_dust_straight",
        "y": 90
    	}
    }
]
}