{
	"multipart": [
		{
			"when": {
				"OR": [
					{
				"north": "side|up",
				"south": "side|up",
				"east": "side|up",
				"west": "side|up"
					},
					{
				"north": "none",
				"south": "none",
				"east": "none",
				"west": "none"
					}
				]
			},
			"apply": {
				"model": "minecraft:block/redstone_dust_dot"
			}
		},
		{
			"when": {
				"north": "side|up"
			},
			"apply": {
				"model": "minecraft:block/redstone_dust_side"
			}
		},
		{
			"when": {
				"south": "side|up"
			},
			"apply": {
				"model": "minecraft:block/redstone_dust_side",
				"y": 180
			}
		},
		{
			"when": {
				"east": "side|up"
			},
			"apply": {
				"model": "minecraft:block/redstone_dust_side",
				"y": 90
			}
		},
		{
			"when": {
				"west": "side|up"
			},
			"apply": {
				"model": "minecraft:block/redstone_dust_side",
				"y": 270
			}
		},
		{
			"when": {
				"north": "up"
			},
			"apply": {
				"model": "minecraft:block/redstone_dust_up"
			}
		},
		{
			"when": {
				"south": "up"
			},
			"apply": {
				"model": "minecraft:block/redstone_dust_up",
				"y": 180
			}
		},
		{
			"when": {
				"east": "up"
			},
			"apply": {
				"model": "minecraft:block/redstone_dust_up",
				"y": 90
			}
		},
		{
			"when": {
				"west": "up"
			},
			"apply": {
				"model": "minecraft:block/redstone_dust_up",
				"y": 270
			}
		},
		{
			"when": {
				"north": "side|up",
				"west": "side|up",
				"south": "none",
				"east": "none"
			},
			"apply": {
				"model": "minecraft:block/redstone_dust_turn"
			}
		},
		{
			"when": {
				"south": "side|up",
				"west": "side|up",
				"north": "none",
				"east": "none"
			},
			"apply": {
				"model": "minecraft:block/redstone_dust_turn",
				"y": 270
			}
		},
		{
			"when": {
				"east": "side|up",
				"south": "side|up",
				"west": "none",
				"north": "none"
			},
			"apply": {
				"model": "minecraft:block/redstone_dust_turn",
				"y": 180
			}
		},
		{
			"when": {
				"east": "side|up",
				"north": "side|up",
				"west": "none",
				"south": "none"
			},
			"apply": {
				"model": "minecraft:block/redstone_dust_turn",
				"y": 90
			}
		},
		{
			"when": {
				"east": "side|up",
				"north": "side|up",
				"south": "side|up",
				"west": "none"
			},
			"apply": {
				"model": "minecraft:block/redstone_dust_tri",
				"y": 90
			}
		},
		{
			"when": {
				"west": "side|up",
				"north": "side|up",
				"south": "side|up",
				"east": "none"
			},
			"apply": {
				"model": "minecraft:block/redstone_dust_tri",
				"y": 270
			}
		},
		{
			"when": {
				"west": "side|up",
				"east": "side|up",
				"south": "side|up",
				"north": "none"
			},
			"apply": {
				"model": "minecraft:block/redstone_dust_tri",
				"y": 180
			}
		},
		{
			"when": {
				"west": "side|up",
				"east": "side|up",
				"north": "side|up",
				"south": "none"
			},
			"apply": {
				"model": "minecraft:block/redstone_dust_tri"
			}
		},
		{
			"when": {
				"east": "side|up",
				"north": "side|up",
				"south": "side|up",
				"west": "none",
				"power": 0
			},
			"apply": {
				"model": "minecraft:block/power0",
				"y": 270	
			}
		},
		{
			"when": {
				"east": "side|up",
				"north": "side|up",
				"south": "side|up",
				"west": "none",
				"power": 1
			},
			"apply": {
				"model": "minecraft:block/power1",
				"y": 270
			}
		},
		{
			"when": {
				"east": "side|up",
				"north": "side|up",
				"south": "side|up",
				"west": "none",
				"power": 2
			},
			"apply": {
				"model": "minecraft:block/power2",
				"y": 270
			}
		},
		{
			"when": {
				"east": "side|up",
				"north": "side|up",
				"south": "side|up",
				"west": "none",
				"power": 3
			},
			"apply": {
				"model": "minecraft:block/power3",
				"y": 270
			}
		},
		{
			"when": {
				"east": "side|up",
				"north": "side|up",
				"south": "side|up",
				"west": "none",
				"power": 4
			},
			"apply": {
				"model": "minecraft:block/power4",
				"y": 270
			}
		},
		{
			"when": {
				"east": "side|up",
				"north": "side|up",
				"south": "side|up",
				"west": "none",
				"power": 5
			},
			"apply": {
				"model": "minecraft:block/power5",
				"y": 270
			}
		},
		{
			"when": {
				"east": "side|up",
				"north": "side|up",
				"south": "side|up",
				"west": "none",
				"power": 6
			},
			"apply": {
				"model": "minecraft:block/power6",
				"y": 270
			}
		},
		{
			"when": {
				"east": "side|up",
				"north": "side|up",
				"south": "side|up",
				"west": "none",
				"power": 7
			},
			"apply": {
				"model": "minecraft:block/power7",
				"y": 270
			}
		},
		{
			"when": {
				"east": "side|up",
				"north": "side|up",
				"south": "side|up",
				"west": "none",
				"power": 8
			},
			"apply": {
				"model": "minecraft:block/power8",
				"y": 270
			}
		},
		{
			"when": {
				"east": "side|up",
				"north": "side|up",
				"south": "side|up",
				"west": "none",
				"power": 9
			},
			"apply": {
				"model": "minecraft:block/power9",
				"y": 270
			}
		},
		{
			"when": {
				"east": "side|up",
				"north": "side|up",
				"south": "side|up",
				"west": "none",
				"power": 10
			},
			"apply": {
				"model": "minecraft:block/power10",
				"y": 270
			}
		},
		{
			"when": {
				"east": "side|up",
				"north": "side|up",
				"south": "side|up",
				"west": "none",
				"power": 11
			},
			"apply": {
				"model": "minecraft:block/power11",
				"y": 270
			}
		},
		{
			"when": {
				"east": "side|up",
				"north": "side|up",
				"south": "side|up",
				"west": "none",
				"power": 12
			},
			"apply": {
				"model": "minecraft:block/power12",
				"y": 270
			}
		},
		{
			"when": {
				"east": "side|up",
				"north": "side|up",
				"south": "side|up",
				"west": "none",
				"power": 13
			},
			"apply": {
				"model": "minecraft:block/power13",
				"y": 270
			}
		},
		{
			"when": {
				"east": "side|up",
				"north": "side|up",
				"south": "side|up",
				"west": "none",
				"power": 14
			},
			"apply": {
				"model": "minecraft:block/power14",
				"y": 270
			}
		},
		{
			"when": {
				"east": "side|up",
				"north": "side|up",
				"south": "side|up",
				"west": "none",
				"power": 15
			},
			"apply": {
				"model": "minecraft:block/power15",
				"y": 270
			}
		},
		{
			"when": {
				"east": "none",
				"north": "side|up",
				"south": "side|up",
				"west": "side|up",
				"power": 0
			},
			"apply": {
				"model": "minecraft:block/power0",
				"y": 90
			}
		},
		{
			"when": {
				"east": "none",
				"north": "side|up",
				"south": "side|up",
				"west": "side|up",
				"power": 1
			},
			"apply": {
				"model": "minecraft:block/power1",
				"y": 90
			}
		},
		{
			"when": {
				"east": "none",
				"north": "side|up",
				"south": "side|up",
				"west": "side|up",
				"power": 2
			},
			"apply": {
				"model": "minecraft:block/power2",
				"y": 90
			}
		},
		{
			"when": {
				"east": "none",
				"north": "side|up",
				"south": "side|up",
				"west": "side|up",
				"power": 3
			},
			"apply": {
				"model": "minecraft:block/power3",
				"y": 90
			}
		},
		{
			"when": {
				"east": "none",
				"north": "side|up",
				"south": "side|up",
				"west": "side|up",
				"power": 4
			},
			"apply": {
				"model": "minecraft:block/power4",
				"y": 90
			}
		},
		{
			"when": {
				"east": "none",
				"north": "side|up",
				"south": "side|up",
				"west": "side|up",
				"power": 5
			},
			"apply": {
				"model": "minecraft:block/power5",
				"y": 90
			}
		},
		{
			"when": {
				"east": "none",
				"north": "side|up",
				"south": "side|up",
				"west": "side|up",
				"power": 6
			},
			"apply": {
				"model": "minecraft:block/power6",
				"y": 90
			}
		},
		{
			"when": {
				"east": "none",
				"north": "side|up",
				"south": "side|up",
				"west": "side|up",
				"power": 7
			},
			"apply": {
				"model": "minecraft:block/power7",
				"y": 90
			}
		},
		{
			"when": {
				"east": "none",
				"north": "side|up",
				"south": "side|up",
				"west": "side|up",
				"power": 8
			},
			"apply": {
				"model": "minecraft:block/power8",
				"y": 90
			}
		},
		{
			"when": {
				"east": "none",
				"north": "side|up",
				"south": "side|up",
				"west": "side|up",
				"power": 9
			},
			"apply": {
				"model": "minecraft:block/power9",
				"y": 90
			}
		},
		{
			"when": {
				"east": "none",
				"north": "side|up",
				"south": "side|up",
				"west": "side|up",
				"power": 10
			},
			"apply": {
				"model": "minecraft:block/power10",
				"y": 90
			}
		},
		{
			"when": {
				"east": "none",
				"north": "side|up",
				"south": "side|up",
				"west": "side|up",
				"power": 11
			},
			"apply": {
				"model": "minecraft:block/power11",
				"y": 90
			}
		},
		{
			"when": {
				"east": "none",
				"north": "side|up",
				"south": "side|up",
				"west": "side|up",
				"power": 12
			},
			"apply": {
				"model": "minecraft:block/power12",
				"y": 90
			}
		},
		{
			"when": {
				"east": "none",
				"north": "side|up",
				"south": "side|up",
				"west": "side|up",
				"power": 13
			},
			"apply": {
				"model": "minecraft:block/power13",
				"y": 90
			}
		},
		{
			"when": {
				"east": "none",
				"north": "side|up",
				"south": "side|up",
				"west": "side|up",
				"power": 14
			},
			"apply": {
				"model": "minecraft:block/power14",
				"y": 90
			}
		},
		{
			"when": {
				"east": "none",
				"north": "side|up",
				"south": "side|up",
				"west": "side|up",
				"power": 15
			},
			"apply": {
				"model": "minecraft:block/power15",
				"y": 90
			}
		},
		{
			"when": {
				"east": "side|up",
				"north": "side|up",
				"south": "none",
				"west": "side|up",
				"power": 0
			},
			"apply": {
				"model": "minecraft:block/power0",
				"y": 180
			}
		},
		{
			"when": {
				"east": "side|up",
				"north": "side|up",
				"south": "none",
				"west": "side|up",
				"power": 1
			},
			"apply": {
				"model": "minecraft:block/power1",
				"y": 180
			}
		},
		{
			"when": {
				"east": "side|up",
				"north": "side|up",
				"south": "none",
				"west": "side|up",
				"power": 2
			},
			"apply": {
				"model": "minecraft:block/power2",
				"y": 180
			}
		},
		{
			"when": {
				"east": "side|up",
				"north": "side|up",
				"south": "none",
				"west": "side|up",
				"power": 3
			},
			"apply": {
				"model": "minecraft:block/power3",
				"y": 180
			}
		},
		{
			"when": {
				"east": "side|up",
				"north": "side|up",
				"south": "none",
				"west": "side|up",
				"power": 4
			},
			"apply": {
				"model": "minecraft:block/power4",
				"y": 180
			}
		},
		{
			"when": {
				"east": "side|up",
				"north": "side|up",
				"south": "none",
				"west": "side|up",
				"power": 5
			},
			"apply": {
				"model": "minecraft:block/power5",
				"y": 180
			}
		},
		{
			"when": {
				"east": "side|up",
				"north": "side|up",
				"south": "none",
				"west": "side|up",
				"power": 6
			},
			"apply": {
				"model": "minecraft:block/power6",
				"y": 180
			}
		},
		{
			"when": {
				"east": "side|up",
				"north": "side|up",
				"south": "none",
				"west": "side|up",
				"power": 7
			},
			"apply": {
				"model": "minecraft:block/power7",
				"y": 180
			}
		},
		{
			"when": {
				"east": "side|up",
				"north": "side|up",
				"south": "none",
				"west": "side|up",
				"power": 8
			},
			"apply": {
				"model": "minecraft:block/power8",
				"y": 180
			}
		},
		{
			"when": {
				"east": "side|up",
				"north": "side|up",
				"south": "none",
				"west": "side|up",
				"power": 9
			},
			"apply": {
				"model": "minecraft:block/power9",
				"y": 180
			}
		},
		{
			"when": {
				"east": "side|up",
				"north": "side|up",
				"south": "none",
				"west": "side|up",
				"power": 10
			},
			"apply": {
				"model": "minecraft:block/power10",
				"y": 180
			}
		},
		{
			"when": {
				"east": "side|up",
				"north": "side|up",
				"south": "none",
				"west": "side|up",
				"power": 11
			},
			"apply": {
				"model": "minecraft:block/power11",
				"y": 180
			}
		},
		{
			"when": {
				"east": "side|up",
				"north": "side|up",
				"south": "none",
				"west": "side|up",
				"power": 12
			},
			"apply": {
				"model": "minecraft:block/power12",
				"y": 180
			}
		},
		{
			"when": {
				"east": "side|up",
				"north": "side|up",
				"south": "none",
				"west": "side|up",
				"power": 13
			},
			"apply": {
				"model": "minecraft:block/power13",
				"y": 180
			}
		},
		{
			"when": {
				"east": "side|up",
				"north": "side|up",
				"south": "none",
				"west": "side|up",
				"power": 14
			},
			"apply": {
				"model": "minecraft:block/power14",
				"y": 180
			}
		},
		{
			"when": {
				"east": "side|up",
				"north": "side|up",
				"south": "none",
				"west": "side|up",
				"power": 15
			},
			"apply": {
				"model": "minecraft:block/power15",
				"y": 180
			}
		},
		{
			"when": {
				"east": "side|up",
				"north": "none",
				"south": "side|up",
				"west": "side|up",
				"power": 0
			},
			"apply": {
				"model": "minecraft:block/power0"
			}
		},
		{
			"when": {
				"east": "side|up",
				"north": "none",
				"south": "side|up",
				"west": "side|up",
				"power": 1
			},
			"apply": {
				"model": "minecraft:block/power1"
			}
		},
		{
			"when": {
				"east": "side|up",
				"north": "none",
				"south": "side|up",
				"west": "side|up",
				"power": 2
			},
			"apply": {
				"model": "minecraft:block/power2"
			}
		},
		{
			"when": {
				"east": "side|up",
				"north": "none",
				"south": "side|up",
				"west": "side|up",
				"power": 3
			},
			"apply": {
				"model": "minecraft:block/power3"
			}
		},
		{
			"when": {
				"east": "side|up",
				"north": "none",
				"south": "side|up",
				"west": "side|up",
				"power": 4
			},
			"apply": {
				"model": "minecraft:block/power4"
			}
		},
		{
			"when": {
				"east": "side|up",
				"north": "none",
				"south": "side|up",
				"west": "side|up",
				"power": 5
			},
			"apply": {
				"model": "minecraft:block/power5"
			}
		},
		{
			"when": {
				"east": "side|up",
				"north": "none",
				"south": "side|up",
				"west": "side|up",
				"power": 6
			},
			"apply": {
				"model": "minecraft:block/power6"
			}
		},
		{
			"when": {
				"east": "side|up",
				"north": "none",
				"south": "side|up",
				"west": "side|up",
				"power": 7
			},
			"apply": {
				"model": "minecraft:block/power7"
			}
		},
		{
			"when": {
				"east": "side|up",
				"north": "none",
				"south": "side|up",
				"west": "side|up",
				"power": 8
			},
			"apply": {
				"model": "minecraft:block/power8"
			}
		},
		{
			"when": {
				"east": "side|up",
				"north": "none",
				"south": "side|up",
				"west": "side|up",
				"power": 9
			},
			"apply": {
				"model": "minecraft:block/power9"
			}
		},
		{
			"when": {
				"east": "side|up",
				"north": "none",
				"south": "side|up",
				"west": "side|up",
				"power": 10
			},
			"apply": {
				"model": "minecraft:block/power10"
			}
		},
		{
			"when": {
				"east": "side|up",
				"north": "none",
				"south": "side|up",
				"west": "side|up",
				"power": 11
			},
			"apply": {
				"model": "minecraft:block/power11"
			}
		},
		{
			"when": {
				"east": "side|up",
				"north": "none",
				"south": "side|up",
				"west": "side|up",
				"power": 12
			},
			"apply": {
				"model": "minecraft:block/power12"
			}
		},
		{
			"when": {
				"east": "side|up",
				"north": "none",
				"south": "side|up",
				"west": "side|up",
				"power": 13
			},
			"apply": {
				"model": "minecraft:block/power13"
			}
		},
		{
			"when": {
				"east": "side|up",
				"north": "none",
				"south": "side|up",
				"west": "side|up",
				"power": 14
			},
			"apply": {
				"model": "minecraft:block/power14"
			}
		},
		{
			"when": {
				"east": "side|up",
				"north": "none",
				"south": "side|up",
				"west": "side|up",
				"power": 15
			},
			"apply": {
				"model": "minecraft:block/power15"
			}
		},
		{
			"when": {
				"OR": [
					{
				"north": "side|up",
				"south": "side|up",
				"east": "side|up",
				"west": "side|up",
				"power": 0
					},
					{
				"north": "none",
				"south": "none",
				"east": "none",
				"west": "none",
				"power": 0
					}
				]
			},
			"apply": {
				"model": "minecraft:block/power0",
				"y": 180
			}
		},
		{
			"when": {
				"OR": [
					{
				"north": "side|up",
				"south": "side|up",
				"east": "side|up",
				"west": "side|up",
				"power": 1
					},
					{
				"north": "none",
				"south": "none",
				"east": "none",
				"west": "none",
				"power": 1
					}
				]
			},
			"apply": {
				"model": "minecraft:block/power1",
				"y": 180
			}
		},
		{
			"when": {
				"OR": [
					{
				"north": "side|up",
				"south": "side|up",
				"east": "side|up",
				"west": "side|up",
				"power": 2
					},
					{
				"north": "none",
				"south": "none",
				"east": "none",
				"west": "none",
				"power": 2
					}
				]
			},
			"apply": {
				"model": "minecraft:block/power2",
				"y": 180
			}
		},
		{
			"when": {
				"OR": [
					{
				"north": "side|up",
				"south": "side|up",
				"east": "side|up",
				"west": "side|up",
				"power": 3
					},
					{
				"north": "none",
				"south": "none",
				"east": "none",
				"west": "none",
				"power": 3
					}
				]
			},
			"apply": {
				"model": "minecraft:block/power3",
				"y": 180
			}
		},
		{
			"when": {
				"OR": [
					{
				"north": "side|up",
				"south": "side|up",
				"east": "side|up",
				"west": "side|up",
				"power": 4
					},
					{
				"north": "none",
				"south": "none",
				"east": "none",
				"west": "none",
				"power": 4
					}
				]
			},
			"apply": {
				"model": "minecraft:block/power4",
				"y": 180
			}
		},
		{
			"when": {
				"OR": [
					{
				"north": "side|up",
				"south": "side|up",
				"east": "side|up",
				"west": "side|up",
				"power": 5
					},
					{
				"north": "none",
				"south": "none",
				"east": "none",
				"west": "none",
				"power": 5
					}
				]
			},
			"apply": {
				"model": "minecraft:block/power5",
				"y": 180
			}
		},
		{
			"when": {
				"OR": [
					{
				"north": "side|up",
				"south": "side|up",
				"east": "side|up",
				"west": "side|up",
				"power": 6
					},
					{
				"north": "none",
				"south": "none",
				"east": "none",
				"west": "none",
				"power": 6
					}
				]
			},
			"apply": {
				"model": "minecraft:block/power6",
				"y": 180
			}
		},
		{
			"when": {
				"OR": [
					{
				"north": "side|up",
				"south": "side|up",
				"east": "side|up",
				"west": "side|up",
				"power": 7
					},
					{
				"north": "none",
				"south": "none",
				"east": "none",
				"west": "none",
				"power": 7
					}
				]
			},
			"apply": {
				"model": "minecraft:block/power7",
				"y": 180
			}
		},
		{
			"when": {
				"OR": [
					{
				"north": "side|up",
				"south": "side|up",
				"east": "side|up",
				"west": "side|up",
				"power": 8
					},
					{
				"north": "none",
				"south": "none",
				"east": "none",
				"west": "none",
				"power": 8
					}
				]
			},
			"apply": {
				"model": "minecraft:block/power8",
				"y": 180
			}
		},
		{
			"when": {
				"OR": [
					{
				"north": "side|up",
				"south": "side|up",
				"east": "side|up",
				"west": "side|up",
				"power": 9
					},
					{
				"north": "none",
				"south": "none",
				"east": "none",
				"west": "none",
				"power": 9
					}
				]
			},
			"apply": {
				"model": "minecraft:block/power9",
				"y": 180
			}
		},
		{
			"when": {
				"OR": [
					{
				"north": "side|up",
				"south": "side|up",
				"east": "side|up",
				"west": "side|up",
				"power": 10
					},
					{
				"north": "none",
				"south": "none",
				"east": "none",
				"west": "none",
				"power": 10
					}
				]
			},
			"apply": {
				"model": "minecraft:block/power10",
				"y": 180
			}
		},
		{
			"when": {
				"OR": [
					{
				"north": "side|up",
				"south": "side|up",
				"east": "side|up",
				"west": "side|up",
				"power": 11
					},
					{
				"north": "none",
				"south": "none",
				"east": "none",
				"west": "none",
				"power": 11
					}
				]
			},
			"apply": {
				"model": "minecraft:block/power11",
				"y": 180
			}
		},
		{
			"when": {
				"OR": [
					{
				"north": "side|up",
				"south": "side|up",
				"east": "side|up",
				"west": "side|up",
				"power": 12
					},
					{
				"north": "none",
				"south": "none",
				"east": "none",
				"west": "none",
				"power": 12
					}
				]
			},
			"apply": {
				"model": "minecraft:block/power12",
				"y": 180
			}
		},
		{
			"when": {
				"OR": [
					{
				"north": "side|up",
				"south": "side|up",
				"east": "side|up",
				"west": "side|up",
				"power": 13
					},
					{
				"north": "none",
				"south": "none",
				"east": "none",
				"west": "none",
				"power": 13
					}
				]
			},
			"apply": {
				"model": "minecraft:block/power13",
				"y": 180
			}
		},
		{
			"when": {
				"OR": [
					{
				"north": "side|up",
				"south": "side|up",
				"east": "side|up",
				"west": "side|up",
				"power": 14
					},
					{
				"north": "none",
				"south": "none",
				"east": "none",
				"west": "none",
				"power": 14
					}
				]
			},
			"apply": {
				"model": "minecraft:block/power14",
				"y": 180
			}
		},
		{
			"when": {
				"OR": [
					{
				"north": "side|up",
				"south": "side|up",
				"east": "side|up",
				"west": "side|up",
				"power": 15
					},
					{
				"north": "none",
				"south": "none",
				"east": "none",
				"west": "none",
				"power": 15
					}
				]
			},
			"apply": {
				"model": "minecraft:block/power15",
				"y": 180
			}
		}
	]
}