{
	"credit": "Made with Blockbench",
	"ambientocclusion": false,
	"texture_size": [64, 64],
	"textures": {
		"0": "block/custom/explorer_hat",
		"particle": "block/custom/explorer_hat"
	},
	"elements": [
		{
			"from": [3.5, 1, 3.5],
			"to": [12.5, 5, 12.5],
			"rotation": {"angle": 0, "axis": "y", "origin": [3.5, 0, 3.5]},
			"faces": {
				"north": {"uv": [2.25, 4, 4.5, 5], "texture": "#0"},
				"east": {"uv": [4.5, 4, 6.75, 5], "texture": "#0"},
				"south": {"uv": [2.25, 5, 4.5, 6], "texture": "#0"},
				"west": {"uv": [4.5, 5, 6.75, 6], "texture": "#0"},
				"up": {"uv": [2.25, 6.25, 0, 4], "texture": "#0"}
			}
		},
		{
			"from": [1, 0, -1],
			"to": [15, 1, 15],
			"rotation": {"angle": 0, "axis": "y", "origin": [4, 0, 4]},
			"faces": {
				"north": {"uv": [4, 6.25, 7.5, 6.5], "texture": "#0"},
				"east": {"uv": [2.25, 6, 6.25, 6.25], "texture": "#0"},
				"south": {"uv": [6.25, 6, 9.75, 6.25], "texture": "#0"},
				"west": {"uv": [0, 6.25, 4, 6.5], "texture": "#0"},
				"up": {"uv": [3.5, 4, 0, 0], "texture": "#0"},
				"down": {"uv": [7, 0, 3.5, 4], "texture": "#0"}
			}
		},
		{
			"from": [7.5, 5, 7.5],
			"to": [8.5, 6, 8.5],
			"rotation": {"angle": 0, "axis": "y", "origin": [7.5, 5, 7.5]},
			"faces": {
				"north": {"uv": [6.75, 5.25, 7, 5.5], "texture": "#0"},
				"east": {"uv": [6.75, 5.5, 7, 5.75], "texture": "#0"},
				"south": {"uv": [6.75, 5.75, 7, 6], "texture": "#0"},
				"west": {"uv": [1, 7, 1.25, 7.25], "texture": "#0"},
				"up": {"uv": [7.25, 1.25, 7, 1], "texture": "#0"}
			}
		},
		{
			"from": [3, 5, 7.5],
			"to": [7.5, 5.5, 8.5],
			"rotation": {"angle": 0, "axis": "y", "origin": [4.25, 4.125, 8]},
			"faces": {
				"north": {"uv": [0, 6.5, 1.25, 6.75], "texture": "#0"},
				"south": {"uv": [1.25, 6.5, 2.5, 6.75], "texture": "#0"},
				"west": {"uv": [1.25, 7, 1.5, 7.25], "texture": "#0"},
				"up": {"uv": [3.75, 6.75, 2.5, 6.5], "texture": "#0"}
			}
		},
		{
			"from": [12.5, 1, 7.5],
			"to": [13, 5, 8.5],
			"rotation": {"angle": 0, "axis": "y", "origin": [11.75, 4.125, 8]},
			"faces": {
				"north": {"uv": [6, 6.75, 6.25, 7.75], "texture": "#0"},
				"east": {"uv": [6.25, 6.75, 6.5, 7.75], "texture": "#0"},
				"south": {"uv": [6.5, 6.75, 6.75, 7.75], "texture": "#0"}
			}
		},
		{
			"from": [8.5, 5, 7.5],
			"to": [13, 5.5, 8.5],
			"rotation": {"angle": 0, "axis": "y", "origin": [11.75, 4.125, 8]},
			"faces": {
				"north": {"uv": [3.75, 6.5, 5, 6.75], "texture": "#0"},
				"east": {"uv": [7, 1.25, 7.25, 1.5], "texture": "#0"},
				"south": {"uv": [5, 6.5, 6.25, 6.75], "texture": "#0"},
				"up": {"uv": [7.5, 6.75, 6.25, 6.5], "texture": "#0"}
			}
		},
		{
			"from": [7.5, 1, 3],
			"to": [8.5, 5, 3.5],
			"rotation": {"angle": 0, "axis": "y", "origin": [8, 4.125, 8]},
			"faces": {
				"north": {"uv": [0.25, 7, 0.5, 8], "texture": "#0"},
				"east": {"uv": [0.5, 7, 0.75, 8], "texture": "#0"},
				"west": {"uv": [0.75, 7, 1, 8], "texture": "#0"}
			}
		},
		{
			"from": [7.5, 5, 3],
			"to": [8.5, 5.5, 7.5],
			"rotation": {"angle": 0, "axis": "y", "origin": [8, 4.125, 8]},
			"faces": {
				"north": {"uv": [7, 1.5, 7.25, 1.75], "texture": "#0"},
				"east": {"uv": [2.75, 6.75, 4, 7], "texture": "#0"},
				"west": {"uv": [4, 6.75, 5.25, 7], "texture": "#0"},
				"up": {"uv": [7, 5.25, 6.75, 4], "texture": "#0"}
			}
		},
		{
			"from": [7.5, 1, 12.5],
			"to": [8.5, 5, 13],
			"rotation": {"angle": 0, "axis": "y", "origin": [8, 4.125, 8]},
			"faces": {
				"east": {"uv": [6.75, 6.75, 7, 7.75], "texture": "#0"},
				"south": {"uv": [0, 7, 0.25, 8], "texture": "#0"},
				"west": {"uv": [7, 0, 7.25, 1], "texture": "#0"}
			}
		},
		{
			"from": [7.5, 5, 8.5],
			"to": [8.5, 5.5, 13],
			"rotation": {"angle": 0, "axis": "y", "origin": [8, 4.125, 8]},
			"faces": {
				"east": {"uv": [0, 6.75, 1.25, 7], "texture": "#0"},
				"south": {"uv": [1.5, 7, 1.75, 7.25], "texture": "#0"},
				"west": {"uv": [1.25, 6.75, 2.5, 7], "texture": "#0"},
				"up": {"uv": [2.75, 8, 2.5, 6.75], "texture": "#0"}
			}
		},
		{
			"from": [3, 1, 7.5],
			"to": [3.5, 5, 8.5],
			"rotation": {"angle": 0, "axis": "y", "origin": [4.25, 4.125, 8]},
			"faces": {
				"north": {"uv": [5.25, 6.75, 5.5, 7.75], "texture": "#0"},
				"south": {"uv": [5.5, 6.75, 5.75, 7.75], "texture": "#0"},
				"west": {"uv": [5.75, 6.75, 6, 7.75], "texture": "#0"}
			}
		}
	],
	"display": {
		"thirdperson_righthand": {
			"rotation": [75, 45, 0],
			"translation": [0, 2.5, 1],
			"scale": [0.375, 0.375, 0.375]
		},
		"thirdperson_lefthand": {
			"rotation": [75, 45, 0],
			"translation": [0, 2.5, 1],
			"scale": [0.375, 0.375, 0.375]
		},
		"firstperson_righthand": {
			"rotation": [0, 225, 0],
			"translation": [0, 2, 0],
			"scale": [0.4, 0.4, -0.4]
		},
		"firstperson_lefthand": {
			"rotation": [0, 225, 0],
			"translation": [0, 2, 0],
			"scale": [0.4, 0.4, -0.4]
		},
		"ground": {
			"translation": [0, 3, 0],
			"scale": [0.25, 0.25, 0.25]
		},
		"gui": {
			"rotation": [30, 138, 0],
			"translation": [0.5, 2.25, 0],
			"scale": [0.7, 0.7, 0.7]
		},
		"head": {
			"rotation": [6, 0, 0],
			"translation": [0, 14.75, 1.5],
			"scale": [1.6, 1.6, 1.6]
		},
		"fixed": {
			"rotation": [-90, 0, 0],
			"translation": [0, 1.75, -15.25],
			"scale": [2, 2, 2]
		}
	}
}