{
	"credit": "Made with Blockbench",
	"ambientocclusion": false,
	"texture_size": [64, 64],
	"textures": {
		"0": "block/custom/fancy_hat",
		"particle": "block/custom/fancy_hat"
	},
	"elements": [
		{
			"from": [1, 0, 1],
			"to": [15, 3, 15],
			"rotation": {"angle": 0, "axis": "y", "origin": [3, 0, 3]},
			"faces": {
				"north": {"uv": [3.5, 3.5, 7, 4.25], "texture": "#0"},
				"east": {"uv": [3.5, 4.25, 7, 5], "texture": "#0"},
				"south": {"uv": [3.5, 5, 7, 5.75], "texture": "#0"},
				"west": {"uv": [5.25, 0, 8.75, 0.75], "texture": "#0"},
				"up": {"uv": [3.5, 3.5, 0, 0], "texture": "#0"},
				"down": {"uv": [3.5, 3.5, 0, 7], "texture": "#0"}
			}
		},
		{
			"from": [5, 3.1, 5],
			"to": [11, 5.1, 11],
			"rotation": {"angle": 0, "axis": "y", "origin": [-2, -1.4, -2]},
			"faces": {
				"north": {"uv": [5.25, 2.25, 6.75, 2.75], "texture": "#0"},
				"east": {"uv": [5.25, 2.75, 6.75, 3.25], "texture": "#0"},
				"south": {"uv": [5, 5.75, 6.5, 6.25], "texture": "#0"},
				"west": {"uv": [5, 6.25, 6.5, 6.75], "texture": "#0"},
				"up": {"uv": [6.75, 2.25, 5.25, 0.75], "texture": "#0"}
			}
		},
		{
			"from": [4.9, 3.1, 5],
			"to": [4.9, 11.6, 14],
			"rotation": {"angle": 0, "axis": "y", "origin": [3.9, 3.6, 5]},
			"faces": {
				"north": {"uv": [0, 0, 0, 1.75], "texture": "#0"},
				"east": {"uv": [3.5, 0, 5.25, 1.75], "texture": "#0"},
				"south": {"uv": [0, 0, 0, 1.75], "texture": "#0"},
				"west": {"uv": [3.5, 1.75, 5.25, 3.5], "texture": "#0"},
				"up": {"uv": [0, 1.75, 0, 0], "texture": "#0"},
				"down": {"uv": [0, 0, 0, 1.75], "texture": "#0"}
			}
		}
	],
	"display": {
		"thirdperson_righthand": {
			"rotation": [75, 45, 0],
			"translation": [0, 2.5, 1],
			"scale": [0.375, 0.375, 0.375]
		},
		"thirdperson_lefthand": {
			"rotation": [75, 45, 0],
			"translation": [0, 2.5, 1],
			"scale": [0.375, 0.375, 0.375]
		},
		"firstperson_righthand": {
			"rotation": [0, 225, 0],
			"translation": [0, 2, 0],
			"scale": [0.4, 0.4, -0.4]
		},
		"firstperson_lefthand": {
			"rotation": [0, 225, 0],
			"translation": [0, 2, 0],
			"scale": [0.4, 0.4, -0.4]
		},
		"ground": {
			"translation": [0, 3, 0],
			"scale": [0.25, 0.25, 0.25]
		},
		"gui": {
			"rotation": [30, 138, 0],
			"translation": [0, 1.75, 0],
			"scale": [0.7, 0.7, 0.7]
		},
		"head": {
			"translation": [0, 15.5, 0],
			"scale": [1.6, 1.6, 1.6]
		},
		"fixed": {
			"rotation": [-90, 0, 0],
			"translation": [0, 0.25, -14.25],
			"scale": [2, 2, 2]
		}
	}
}