{
	"credit": "Made with Blockbench",
	"ambientocclusion": false,
	"texture_size": [32, 32],
	"textures": {
		"0": "block/custom/joker",
		"1": "block/custom/joker_details",
		"particle": "block/custom/joker"
	},
	"elements": [
		{
			"from": [3.32, 0, 3.32],
			"to": [12.68, 5.2, 12.68],
			"rotation": {"angle": 0, "axis": "y", "origin": [-1.71194, -10.6496, 17.71194]},
			"faces": {
				"north": {"uv": [9, 5, 4.5, 7.5], "texture": "#0"},
				"east": {"uv": [9, 2.5, 4.5, 5], "texture": "#0"},
				"south": {"uv": [9, 0, 4.5, 2.5], "texture": "#0"},
				"west": {"uv": [9, 7.5, 4.5, 10], "texture": "#0"},
				"up": {"uv": [4.5, 0, 0, 4.5], "texture": "#0"},
				"down": {"uv": [4.5, 9, 0, 4.5], "texture": "#0"}
			}
		},
		{
			"from": [3.32, 2.92336, 12.98939],
			"to": [6.32, 4.92336, 12.98939],
			"rotation": {"angle": 22.5, "axis": "x", "origin": [7.99333, 2.73937, 8]},
			"faces": {
				"north": {"uv": [10.5, 0, 9, 1], "texture": "#0"},
				"east": {"uv": [0, 0, 0, 1], "texture": "#0"},
				"south": {"uv": [1.5, 9, 0, 10], "texture": "#0"},
				"west": {"uv": [0, 0, 0, 1], "texture": "#0"},
				"up": {"uv": [1.5, 0, 0, 0], "texture": "#0"},
				"down": {"uv": [1.5, 0, 0, 0], "texture": "#0"}
			}
		},
		{
			"from": [12.59721, 0.61732, 3.31333],
			"to": [12.59721, 2.61732, 6.31333],
			"rotation": {"angle": -22.5, "axis": "z", "origin": [13.59721, 0.61732, 6.31333]},
			"faces": {
				"north": {"uv": [0, 0, 0, 1], "texture": "#0"},
				"east": {"uv": [6, 11, 4.5, 12], "texture": "#0"},
				"south": {"uv": [0, 0, 0, 1], "texture": "#0"},
				"west": {"uv": [7.5, 11, 6, 12], "texture": "#0"},
				"up": {"uv": [0, 0, 0, 1.5], "texture": "#0"},
				"down": {"uv": [0, 1.5, 0, 0], "texture": "#0"}
			}
		},
		{
			"from": [12.59721, 0.61732, 6.51333],
			"to": [12.59721, 2.61732, 9.51333],
			"rotation": {"angle": -22.5, "axis": "z", "origin": [13.59721, 0.61732, 9.51333]},
			"faces": {
				"north": {"uv": [0, 0, 0, 1], "texture": "#0"},
				"east": {"uv": [3, 11, 1.5, 12], "texture": "#0"},
				"south": {"uv": [0, 0, 0, 1], "texture": "#0"},
				"west": {"uv": [4.5, 11, 3, 12], "texture": "#0"},
				"up": {"uv": [0, 0, 0, 1.5], "texture": "#0"},
				"down": {"uv": [0, 1.5, 0, 0], "texture": "#0"}
			}
		},
		{
			"from": [12.59721, 0.61732, 9.67333],
			"to": [12.59721, 2.61732, 12.67333],
			"rotation": {"angle": -22.5, "axis": "z", "origin": [13.59721, 0.61732, 12.67333]},
			"faces": {
				"north": {"uv": [0, 0, 0, 1], "texture": "#0"},
				"east": {"uv": [12, 10, 10.5, 11], "texture": "#0"},
				"south": {"uv": [0, 0, 0, 1], "texture": "#0"},
				"west": {"uv": [1.5, 11, 0, 12], "texture": "#0"},
				"up": {"uv": [0, 0, 0, 1.5], "texture": "#0"},
				"down": {"uv": [0, 1.5, 0, 0], "texture": "#0"}
			}
		},
		{
			"from": [4.21952, 6.66647, 9.67333],
			"to": [4.21952, 8.66647, 12.67333],
			"rotation": {"angle": 45, "axis": "z", "origin": [7.99333, 2.73937, 8]},
			"faces": {
				"north": {"uv": [0, 0, 0, 1], "texture": "#0"},
				"east": {"uv": [12, 8, 10.5, 9], "texture": "#0"},
				"south": {"uv": [0, 0, 0, 1], "texture": "#0"},
				"west": {"uv": [12, 9, 10.5, 10], "texture": "#0"},
				"up": {"uv": [0, 0, 0, 1.5], "texture": "#0"},
				"down": {"uv": [0, 1.5, 0, 0], "texture": "#0"}
			}
		},
		{
			"from": [4.21952, 6.66647, 6.51333],
			"to": [4.21952, 8.66647, 9.51333],
			"rotation": {"angle": 45, "axis": "z", "origin": [7.99333, 2.73937, 8]},
			"faces": {
				"north": {"uv": [0, 0, 0, 1], "texture": "#0"},
				"east": {"uv": [12, 6, 10.5, 7], "texture": "#0"},
				"south": {"uv": [0, 0, 0, 1], "texture": "#0"},
				"west": {"uv": [12, 7, 10.5, 8], "texture": "#0"},
				"up": {"uv": [0, 0, 0, 1.5], "texture": "#0"},
				"down": {"uv": [0, 1.5, 0, 0], "texture": "#0"}
			}
		},
		{
			"from": [4.21952, 6.66647, 3.31333],
			"to": [4.21952, 8.66647, 6.31333],
			"rotation": {"angle": 45, "axis": "z", "origin": [7.99333, 2.73937, 8]},
			"faces": {
				"north": {"uv": [0, 0, 0, 1], "texture": "#0"},
				"east": {"uv": [12, 4, 10.5, 5], "texture": "#0"},
				"south": {"uv": [0, 0, 0, 1], "texture": "#0"},
				"west": {"uv": [12, 5, 10.5, 6], "texture": "#0"},
				"up": {"uv": [0, 0, 0, 1.5], "texture": "#0"},
				"down": {"uv": [0, 1.5, 0, 0], "texture": "#0"}
			}
		},
		{
			"from": [3.00395, 2.92336, 3.31333],
			"to": [3.00395, 4.92336, 6.31333],
			"rotation": {"angle": 22.5, "axis": "z", "origin": [7.99333, 2.73937, 8]},
			"faces": {
				"north": {"uv": [0, 0, 0, 1], "texture": "#0"},
				"east": {"uv": [12, 2, 10.5, 3], "texture": "#0"},
				"south": {"uv": [0, 0, 0, 1], "texture": "#0"},
				"west": {"uv": [12, 3, 10.5, 4], "texture": "#0"},
				"up": {"uv": [0, 0, 0, 1.5], "texture": "#0"},
				"down": {"uv": [0, 1.5, 0, 0], "texture": "#0"}
			}
		},
		{
			"from": [3.00395, 2.92336, 6.51333],
			"to": [3.00395, 4.92336, 9.51333],
			"rotation": {"angle": 22.5, "axis": "z", "origin": [7.99333, 2.73937, 8]},
			"faces": {
				"north": {"uv": [0, 0, 0, 1], "texture": "#0"},
				"east": {"uv": [12, 0, 10.5, 1], "texture": "#0"},
				"south": {"uv": [0, 0, 0, 1], "texture": "#0"},
				"west": {"uv": [12, 1, 10.5, 2], "texture": "#0"},
				"up": {"uv": [0, 0, 0, 1.5], "texture": "#0"},
				"down": {"uv": [0, 1.5, 0, 0], "texture": "#0"}
			}
		},
		{
			"from": [3.00395, 2.92336, 9.67333],
			"to": [3.00395, 4.92336, 12.67333],
			"rotation": {"angle": 22.5, "axis": "z", "origin": [7.99333, 2.73937, 8]},
			"faces": {
				"north": {"uv": [0, 0, 0, 1], "texture": "#0"},
				"east": {"uv": [9, 10, 7.5, 11], "texture": "#0"},
				"south": {"uv": [0, 0, 0, 1], "texture": "#0"},
				"west": {"uv": [10.5, 10, 9, 11], "texture": "#0"},
				"up": {"uv": [0, 0, 0, 1.5], "texture": "#0"},
				"down": {"uv": [0, 1.5, 0, 0], "texture": "#0"}
			}
		},
		{
			"from": [11.76715, 6.66647, 6.51333],
			"to": [11.76715, 8.66647, 9.51333],
			"rotation": {"angle": -45, "axis": "z", "origin": [7.99333, 2.73937, 8]},
			"faces": {
				"north": {"uv": [0, 0, 0, 1], "texture": "#0"},
				"east": {"uv": [6, 10, 4.5, 11], "texture": "#0"},
				"south": {"uv": [0, 0, 0, 1], "texture": "#0"},
				"west": {"uv": [7.5, 10, 6, 11], "texture": "#0"},
				"up": {"uv": [0, 0, 0, 1.5], "texture": "#0"},
				"down": {"uv": [0, 1.5, 0, 0], "texture": "#0"}
			}
		},
		{
			"from": [11.76715, 6.66647, 3.31333],
			"to": [11.76715, 8.66647, 6.31333],
			"rotation": {"angle": -45, "axis": "z", "origin": [7.99333, 2.73937, 8]},
			"faces": {
				"north": {"uv": [0, 0, 0, 1], "texture": "#0"},
				"east": {"uv": [3, 10, 1.5, 11], "texture": "#0"},
				"south": {"uv": [0, 0, 0, 1], "texture": "#0"},
				"west": {"uv": [4.5, 10, 3, 11], "texture": "#0"},
				"up": {"uv": [0, 0, 0, 1.5], "texture": "#0"},
				"down": {"uv": [0, 1.5, 0, 0], "texture": "#0"}
			}
		},
		{
			"from": [11.76715, 6.66647, 9.67333],
			"to": [11.76715, 8.66647, 12.67333],
			"rotation": {"angle": -45, "axis": "z", "origin": [7.99333, 2.73937, 8]},
			"faces": {
				"north": {"uv": [0, 0, 0, 1], "texture": "#0"},
				"east": {"uv": [10.5, 9, 9, 10], "texture": "#0"},
				"south": {"uv": [0, 0, 0, 1], "texture": "#0"},
				"west": {"uv": [1.5, 10, 0, 11], "texture": "#0"},
				"up": {"uv": [0, 0, 0, 1.5], "texture": "#0"},
				"down": {"uv": [0, 1.5, 0, 0], "texture": "#0"}
			}
		},
		{
			"from": [3.32, 6.66647, 4.22618],
			"to": [6.32, 8.66647, 4.22618],
			"rotation": {"angle": -45, "axis": "x", "origin": [7.99333, 2.73937, 8]},
			"faces": {
				"north": {"uv": [13.5, 3, 12, 4], "texture": "#0"},
				"east": {"uv": [0, 0, 0, 1], "texture": "#0"},
				"south": {"uv": [4.5, 12, 3, 13], "texture": "#0"},
				"west": {"uv": [0, 0, 0, 1], "texture": "#0"},
				"up": {"uv": [1.5, 0, 0, 0], "texture": "#0"},
				"down": {"uv": [1.5, 0, 0, 0], "texture": "#0"}
			}
		},
		{
			"from": [6.48, 6.66647, 4.22618],
			"to": [9.48, 8.66647, 4.22618],
			"rotation": {"angle": -45, "axis": "x", "origin": [7.99333, 2.73937, 8]},
			"faces": {
				"north": {"uv": [13.5, 2, 12, 3], "texture": "#0"},
				"east": {"uv": [0, 0, 0, 1], "texture": "#0"},
				"south": {"uv": [3, 12, 1.5, 13], "texture": "#0"},
				"west": {"uv": [0, 0, 0, 1], "texture": "#0"},
				"up": {"uv": [1.5, 0, 0, 0], "texture": "#0"},
				"down": {"uv": [1.5, 0, 0, 0], "texture": "#0"}
			}
		},
		{
			"from": [9.68, 6.66647, 4.22618],
			"to": [12.68, 8.66647, 4.22618],
			"rotation": {"angle": -45, "axis": "x", "origin": [7.99333, 2.73937, 8]},
			"faces": {
				"north": {"uv": [1.5, 12, 0, 13], "texture": "#0"},
				"east": {"uv": [0, 0, 0, 1], "texture": "#0"},
				"south": {"uv": [12, 11, 10.5, 12], "texture": "#0"},
				"west": {"uv": [0, 0, 0, 1], "texture": "#0"},
				"up": {"uv": [1.5, 0, 0, 0], "texture": "#0"},
				"down": {"uv": [1.5, 0, 0, 0], "texture": "#0"}
			}
		},
		{
			"from": [9.68, 2.92336, 3.01061],
			"to": [12.68, 4.92336, 3.01061],
			"rotation": {"angle": -22.5, "axis": "x", "origin": [7.99333, 2.73937, 8]},
			"faces": {
				"north": {"uv": [10.5, 11, 9, 12], "texture": "#0"},
				"east": {"uv": [0, 0, 0, 1], "texture": "#0"},
				"south": {"uv": [9, 11, 7.5, 12], "texture": "#0"},
				"west": {"uv": [0, 0, 0, 1], "texture": "#0"},
				"up": {"uv": [1.5, 0, 0, 0], "texture": "#0"},
				"down": {"uv": [1.5, 0, 0, 0], "texture": "#0"}
			}
		},
		{
			"from": [6.48, 2.92336, 3.01061],
			"to": [9.48, 4.92336, 3.01061],
			"rotation": {"angle": -22.5, "axis": "x", "origin": [7.99333, 2.73937, 8]},
			"faces": {
				"north": {"uv": [13.5, 1, 12, 2], "texture": "#0"},
				"east": {"uv": [0, 0, 0, 1], "texture": "#0"},
				"south": {"uv": [13.5, 0, 12, 1], "texture": "#0"},
				"west": {"uv": [0, 0, 0, 1], "texture": "#0"},
				"up": {"uv": [1.5, 0, 0, 0], "texture": "#0"},
				"down": {"uv": [1.5, 0, 0, 0], "texture": "#0"}
			}
		},
		{
			"from": [3.32, 2.92336, 3.01061],
			"to": [6.32, 4.92336, 3.01061],
			"rotation": {"angle": -22.5, "axis": "x", "origin": [7.99333, 2.73937, 8]},
			"faces": {
				"north": {"uv": [6, 12, 4.5, 13], "texture": "#0"},
				"east": {"uv": [0, 0, 0, 1], "texture": "#0"},
				"south": {"uv": [13.5, 4, 12, 5], "texture": "#0"},
				"west": {"uv": [0, 0, 0, 1], "texture": "#0"},
				"up": {"uv": [1.5, 0, 0, 0], "texture": "#0"},
				"down": {"uv": [1.5, 0, 0, 0], "texture": "#0"}
			}
		},
		{
			"from": [3.32, 2.14065, 13.15247],
			"to": [6.32, 4.14065, 13.15247],
			"rotation": {"angle": 45, "axis": "x", "origin": [3.32, 2.14065, 14.15247]},
			"faces": {
				"north": {"uv": [10.5, 8, 9, 9], "texture": "#0"},
				"east": {"uv": [0, 0, 0, 1], "texture": "#0"},
				"south": {"uv": [10.5, 7, 9, 8], "texture": "#0"},
				"west": {"uv": [0, 0, 0, 1], "texture": "#0"},
				"up": {"uv": [1.5, 0, 0, 0], "texture": "#0"},
				"down": {"uv": [1.5, 0, 0, 0], "texture": "#0"}
			}
		},
		{
			"from": [6.48, 2.14065, 13.15247],
			"to": [9.48, 4.14065, 13.15247],
			"rotation": {"angle": 45, "axis": "x", "origin": [6.48, 2.14065, 14.15247]},
			"faces": {
				"north": {"uv": [10.5, 6, 9, 7], "texture": "#0"},
				"east": {"uv": [0, 0, 0, 1], "texture": "#0"},
				"south": {"uv": [10.5, 5, 9, 6], "texture": "#0"},
				"west": {"uv": [0, 0, 0, 1], "texture": "#0"},
				"up": {"uv": [1.5, 0, 0, 0], "texture": "#0"},
				"down": {"uv": [1.5, 0, 0, 0], "texture": "#0"}
			}
		},
		{
			"from": [9.68, 2.14065, 13.15247],
			"to": [12.68, 4.14065, 13.15247],
			"rotation": {"angle": 45, "axis": "x", "origin": [9.68, 2.14065, 14.15247]},
			"faces": {
				"north": {"uv": [10.5, 4, 9, 5], "texture": "#0"},
				"east": {"uv": [0, 0, 0, 1], "texture": "#0"},
				"south": {"uv": [10.5, 3, 9, 4], "texture": "#0"},
				"west": {"uv": [0, 0, 0, 1], "texture": "#0"},
				"up": {"uv": [1.5, 0, 0, 0], "texture": "#0"},
				"down": {"uv": [1.5, 0, 0, 0], "texture": "#0"}
			}
		},
		{
			"from": [6.48, 2.92336, 12.98939],
			"to": [9.48, 4.92336, 12.98939],
			"rotation": {"angle": 22.5, "axis": "x", "origin": [7.99333, 2.73937, 8]},
			"faces": {
				"north": {"uv": [4.5, 9, 3, 10], "texture": "#0"},
				"east": {"uv": [0, 0, 0, 1], "texture": "#0"},
				"south": {"uv": [10.5, 2, 9, 3], "texture": "#0"},
				"west": {"uv": [0, 0, 0, 1], "texture": "#0"},
				"up": {"uv": [1.5, 0, 0, 0], "texture": "#0"},
				"down": {"uv": [1.5, 0, 0, 0], "texture": "#0"}
			}
		},
		{
			"from": [9.68, 2.92336, 12.98939],
			"to": [12.68, 4.92336, 12.98939],
			"rotation": {"angle": 22.5, "axis": "x", "origin": [7.99333, 2.73937, 8]},
			"faces": {
				"north": {"uv": [3, 9, 1.5, 10], "texture": "#0"},
				"east": {"uv": [0, 0, 0, 1], "texture": "#0"},
				"south": {"uv": [10.5, 1, 9, 2], "texture": "#0"},
				"west": {"uv": [0, 0, 0, 1], "texture": "#0"},
				"up": {"uv": [1.5, 0, 0, 0], "texture": "#0"},
				"down": {"uv": [1.5, 0, 0, 0], "texture": "#0"}
			}
		},
		{
			"from": [4.19868, 3.07868, 6.5],
			"to": [7.19868, 8.07868, 9.5],
			"rotation": {"angle": 45, "axis": "z", "origin": [4.19868, 3.07868, 9.5]},
			"faces": {
				"north": {"uv": [1.5, 2.5, 0, 5], "texture": "#1"},
				"east": {"uv": [3, 0, 1.5, 2.5], "texture": "#1"},
				"south": {"uv": [1.5, 0, 0, 2.5], "texture": "#1"},
				"west": {"uv": [3, 2.5, 1.5, 5], "texture": "#1"},
				"up": {"uv": [7.5, 0, 6, 1.5], "texture": "#1"},
				"down": {"uv": [7.5, 3, 6, 1.5], "texture": "#1"}
			}
		},
		{
			"from": [6.5, 5.2, 6.52],
			"to": [9.5, 10.2, 9.52],
			"rotation": {"angle": -45, "axis": "x", "origin": [6.5, 5.2, 9.52]},
			"faces": {
				"north": {"uv": [4.5, 5, 3, 7.5], "texture": "#1"},
				"east": {"uv": [3, 5, 1.5, 7.5], "texture": "#1"},
				"south": {"uv": [1.5, 5, 0, 7.5], "texture": "#1"},
				"west": {"uv": [6, 5, 4.5, 7.5], "texture": "#1"},
				"up": {"uv": [7.5, 6, 6, 7.5], "texture": "#1"},
				"down": {"uv": [1.5, 9, 0, 7.5], "texture": "#1"}
			}
		},
		{
			"from": [8.80132, 3.07868, 6.5],
			"to": [11.80132, 8.07868, 9.5],
			"rotation": {"angle": -45, "axis": "z", "origin": [11.80132, 3.07868, 9.5]},
			"faces": {
				"north": {"uv": [6, 0, 4.5, 2.5], "texture": "#1"},
				"east": {"uv": [4.5, 2.5, 3, 5], "texture": "#1"},
				"south": {"uv": [4.5, 0, 3, 2.5], "texture": "#1"},
				"west": {"uv": [6, 2.5, 4.5, 5], "texture": "#1"},
				"up": {"uv": [7.5, 3, 6, 4.5], "texture": "#1"},
				"down": {"uv": [7.5, 6, 6, 4.5], "texture": "#1"}
			}
		},
		{
			"from": [-0.63685, 5.21421, 7],
			"to": [1.36315, 7.21421, 9],
			"rotation": {"angle": 0, "axis": "y", "origin": [-0.63685, 5.21421, 9]},
			"faces": {
				"north": {"uv": [2.5, 7.5, 1.5, 8.5], "texture": "#1"},
				"east": {"uv": [8.5, 1, 7.5, 2], "texture": "#1"},
				"south": {"uv": [8.5, 0, 7.5, 1], "texture": "#1"},
				"west": {"uv": [8.5, 2, 7.5, 3], "texture": "#1"},
				"up": {"uv": [3.5, 7.5, 2.5, 8.5], "texture": "#1"},
				"down": {"uv": [8.5, 4, 7.5, 3], "texture": "#1"}
			}
		},
		{
			"from": [14.63685, 5.21421, 7],
			"to": [16.63685, 7.21421, 9],
			"rotation": {"angle": 0, "axis": "y", "origin": [16.63685, 5.21421, 9]},
			"faces": {
				"north": {"uv": [5.5, 7.5, 4.5, 8.5], "texture": "#1"},
				"east": {"uv": [8.5, 4, 7.5, 5], "texture": "#1"},
				"south": {"uv": [4.5, 7.5, 3.5, 8.5], "texture": "#1"},
				"west": {"uv": [8.5, 5, 7.5, 6], "texture": "#1"},
				"up": {"uv": [6.5, 7.5, 5.5, 8.5], "texture": "#1"},
				"down": {"uv": [8.5, 7, 7.5, 6], "texture": "#1"}
			}
		},
		{
			"from": [6.93685, 5.41421, 1.9],
			"to": [8.93685, 7.41421, 3.9],
			"rotation": {"angle": 22.5, "axis": "x", "origin": [8.93685, 5.41421, 3.9]},
			"faces": {
				"north": {"uv": [8.5, 8, 7.5, 9], "texture": "#1"},
				"east": {"uv": [8.5, 7, 7.5, 8], "texture": "#1"},
				"south": {"uv": [7.5, 7.5, 6.5, 8.5], "texture": "#1"},
				"west": {"uv": [9.5, 0, 8.5, 1], "texture": "#1"},
				"up": {"uv": [9.5, 1, 8.5, 2], "texture": "#1"},
				"down": {"uv": [2.5, 9.5, 1.5, 8.5], "texture": "#1"}
			}
		}
	],
	"display": {
		"thirdperson_righthand": {
			"rotation": [75, 45, 0],
			"translation": [0, 2.5, 0],
			"scale": [0.375, 0.375, 0.375]
		},
		"thirdperson_lefthand": {
			"rotation": [75, 45, 0],
			"translation": [0, 2.5, 0],
			"scale": [0.375, 0.375, 0.375]
		},
		"firstperson_righthand": {
			"rotation": [0, 225, 0],
			"scale": [0.4, 0.4, -0.4]
		},
		"firstperson_lefthand": {
			"rotation": [0, 225, 0],
			"scale": [0.4, 0.4, -0.4]
		},
		"ground": {
			"translation": [0, 3, 0],
			"scale": [0.25, 0.25, 0.25]
		},
		"gui": {
			"rotation": [30, 138, 0],
			"translation": [0, 1.75, 0],
			"scale": [0.7, 0.7, 0.7]
		},
		"head": {
			"translation": [0, 14.75, 0],
			"scale": [1.6, 1.6, 1.6]
		},
		"fixed": {
			"rotation": [-90, 0, 0],
			"translation": [0.25, -0.25, -15],
			"scale": [2, 2, 2]
		}
	}
}