{
	"credit": "Made with Blockbench",
	"ambientocclusion": false,
	"texture_size": [64, 64],
	"textures": {
		"0": "block/custom/top_hat",
		"particle": "block/custom/top_hat"
	},
	"elements": [
		{
			"from": [3.5, 1, 3.5],
			"to": [12.5, 11, 12.5],
			"rotation": {"angle": 0, "axis": "y", "origin": [3.5, 0, 3.5]},
			"faces": {
				"north": {"uv": [3.5, 0, 5.75, 2.5], "texture": "#0"},
				"east": {"uv": [3.5, 2.5, 5.75, 5], "texture": "#0"},
				"south": {"uv": [3.5, 5, 5.75, 7.5], "texture": "#0"},
				"west": {"uv": [5.75, 0, 8, 2.5], "texture": "#0"},
				"up": {"uv": [8, 4.75, 5.75, 2.5], "texture": "#0"}
			}
		},
		{
			"from": [1, 0, 1],
			"to": [15, 1, 15],
			"rotation": {"angle": 0, "axis": "y", "origin": [4, 0, 4]},
			"faces": {
				"north": {"uv": [5.75, 4.75, 9.25, 5], "texture": "#0"},
				"east": {"uv": [5.75, 5, 9.25, 5.25], "texture": "#0"},
				"south": {"uv": [5.75, 5.25, 9.25, 5.5], "texture": "#0"},
				"west": {"uv": [5.75, 5.5, 9.25, 5.75], "texture": "#0"},
				"up": {"uv": [3.5, 3.5, 0, 0], "texture": "#0"},
				"down": {"uv": [3.5, 0, 0, 3.5], "texture": "#0"}
			}
		}
	],
	"display": {
		"thirdperson_righthand": {
			"rotation": [75, 45, 0],
			"translation": [0, 2.5, 1],
			"scale": [0.375, 0.375, 0.375]
		},
		"thirdperson_lefthand": {
			"rotation": [75, 45, 0],
			"translation": [0, 2.5, 1],
			"scale": [0.375, 0.375, 0.375]
		},
		"firstperson_righthand": {
			"rotation": [0, 225, 0],
			"translation": [0, 2, 0],
			"scale": [0.4, 0.4, -0.4]
		},
		"firstperson_lefthand": {
			"rotation": [0, 225, 0],
			"translation": [0, 2, 0],
			"scale": [0.4, 0.4, -0.4]
		},
		"ground": {
			"translation": [0, 3, 0],
			"scale": [0.25, 0.25, 0.25]
		},
		"gui": {
			"rotation": [30, 138, 0],
			"translation": [0, 1.75, 0],
			"scale": [0.7, 0.7, 0.7]
		},
		"head": {
			"translation": [0, 14.75, 0],
			"scale": [1.6, 1.6, 1.6]
		},
		"fixed": {
			"rotation": [-90, 0, 0],
			"translation": [0, 0.25, -15.25],
			"scale": [2, 2, 2]
		}
	}
}