{
	"credit": "Made with Blockbench",
	"ambientocclusion": false,
	"texture_size": [64, 64],
	"textures": {
		"0": "block/custom/wig",
		"particle": "block/custom/wig"
	},
	"elements": [
		{
			"from": [3.68, 8.64, 3.68],
			"to": [12.32, 11.88, 13.292],
			"rotation": {"angle": 0, "axis": "y", "origin": [3.68, 8.64, 13.4]},
			"faces": {
				"north": {"uv": [6.5, 0, 8.5, 0.75], "texture": "#0"},
				"east": {"uv": [2, 0, 4.25, 0.75], "texture": "#0"},
				"south": {"uv": [6.5, 0.75, 8.5, 1.5], "texture": "#0"},
				"west": {"uv": [2, 0.75, 4.25, 1.5], "texture": "#0"},
				"up": {"uv": [2, 2.25, 0, 0], "texture": "#0"},
				"down": {"uv": [2, 0, 0, 2.25], "texture": "#0"}
			}
		},
		{
			"from": [-1.528, 0.648, 3.68],
			"to": [1.712, 3.888, 12.752],
			"rotation": {"angle": -45, "axis": "z", "origin": [1.712, 0.648, 12.32]},
			"faces": {
				"north": {"uv": [6.25, 7.5, 7, 8.25], "texture": "#0"},
				"east": {"uv": [6.5, 1.5, 8.5, 2.25], "texture": "#0"},
				"south": {"uv": [7.5, 6.75, 8.25, 7.5], "texture": "#0"},
				"west": {"uv": [0, 6.75, 2, 7.5], "texture": "#0"},
				"up": {"uv": [2.75, 8.75, 2, 6.75], "texture": "#0"},
				"down": {"uv": [3.5, 6.75, 2.75, 8.75], "texture": "#0"}
			}
		},
		{
			"from": [0.2, 4.32, 3.572],
			"to": [3.44, 7.56, 12.86],
			"rotation": {"angle": 22.5, "axis": "z", "origin": [1.82, 5.94, 8]},
			"faces": {
				"north": {"uv": [5.5, 7.5, 6.25, 8.25], "texture": "#0"},
				"east": {"uv": [3, 2.25, 5.25, 3], "texture": "#0"},
				"south": {"uv": [7.5, 6, 8.25, 6.75], "texture": "#0"},
				"west": {"uv": [3, 3, 5.25, 3.75], "texture": "#0"},
				"up": {"uv": [1.5, 5.25, 0.75, 3], "texture": "#0"},
				"down": {"uv": [2.25, 3, 1.5, 5.25], "texture": "#0"}
			}
		},
		{
			"from": [-0.124, 6.804, 3.788],
			"to": [3.116, 10.044, 13.076],
			"rotation": {"angle": -22.5, "axis": "z", "origin": [3.116, 6.804, 12.428]},
			"faces": {
				"north": {"uv": [7.5, 4.5, 8.25, 5.25], "texture": "#0"},
				"east": {"uv": [2, 1.5, 4.25, 2.25], "texture": "#0"},
				"south": {"uv": [7.5, 5.25, 8.25, 6], "texture": "#0"},
				"west": {"uv": [0, 2.25, 2.25, 3], "texture": "#0"},
				"up": {"uv": [3, 4.5, 2.25, 2.25], "texture": "#0"},
				"down": {"uv": [0.75, 3, 0, 5.25], "texture": "#0"}
			}
		},
		{
			"from": [3.536, 0.648, 14.496],
			"to": [12.608, 3.888, 17.736],
			"rotation": {"angle": -45, "axis": "x", "origin": [3.968, 0.648, 14.496]},
			"faces": {
				"north": {"uv": [8.5, 1.5, 6.5, 2.25], "texture": "#0"},
				"east": {"uv": [7, 7.5, 6.25, 8.25], "texture": "#0"},
				"south": {"uv": [2, 6.75, 0, 7.5], "texture": "#0"},
				"west": {"uv": [8.25, 6.75, 7.5, 7.5], "texture": "#0"},
				"up": {"uv": [2, 8.75, 2.75, 6.75], "rotation": 90, "texture": "#0"},
				"down": {"uv": [2.75, 6.75, 3.5, 8.75], "rotation": 270, "texture": "#0"}
			}
		},
		{
			"from": [3.428, 4.32, 12.768],
			"to": [12.716, 7.56, 16.008],
			"rotation": {"angle": 22.5, "axis": "x", "origin": [8.288, 5.94, 14.388]},
			"faces": {
				"north": {"uv": [5.25, 2.25, 3, 3], "texture": "#0"},
				"east": {"uv": [6.25, 7.5, 5.5, 8.25], "texture": "#0"},
				"south": {"uv": [5.25, 3, 3, 3.75], "texture": "#0"},
				"west": {"uv": [8.25, 6, 7.5, 6.75], "texture": "#0"},
				"up": {"uv": [0.75, 5.25, 1.5, 3], "rotation": 90, "texture": "#0"},
				"down": {"uv": [1.5, 3, 2.25, 5.25], "rotation": 270, "texture": "#0"}
			}
		},
		{
			"from": [3.212, 6.804, 13.092],
			"to": [12.5, 10.044, 16.332],
			"rotation": {"angle": -22.5, "axis": "x", "origin": [3.86, 6.804, 13.092]},
			"faces": {
				"north": {"uv": [4.25, 1.5, 2, 2.25], "texture": "#0"},
				"east": {"uv": [8.25, 4.5, 7.5, 5.25], "texture": "#0"},
				"south": {"uv": [2.25, 2.25, 0, 3], "texture": "#0"},
				"west": {"uv": [8.25, 5.25, 7.5, 6], "texture": "#0"},
				"up": {"uv": [2.25, 4.5, 3, 2.25], "rotation": 90, "texture": "#0"},
				"down": {"uv": [0, 3, 0.75, 5.25], "rotation": 270, "texture": "#0"}
			}
		},
		{
			"from": [14.288, 0.648, 3.68],
			"to": [17.528, 3.888, 12.752],
			"rotation": {"angle": 45, "axis": "z", "origin": [14.288, 0.648, 12.32]},
			"faces": {
				"north": {"uv": [8.25, 4.5, 9, 5.25], "texture": "#0"},
				"east": {"uv": [3.5, 6.75, 5.5, 7.5], "texture": "#0"},
				"south": {"uv": [5, 8.25, 5.75, 9], "texture": "#0"},
				"west": {"uv": [5.5, 6.75, 7.5, 7.5], "texture": "#0"},
				"up": {"uv": [0.75, 9.5, 0, 7.5], "texture": "#0"},
				"down": {"uv": [1.5, 7.5, 0.75, 9.5], "texture": "#0"}
			}
		},
		{
			"from": [12.56, 4.32, 3.572],
			"to": [15.8, 7.56, 12.86],
			"rotation": {"angle": -22.5, "axis": "z", "origin": [14.18, 5.94, 8]},
			"faces": {
				"north": {"uv": [3.5, 8.25, 4.25, 9], "texture": "#0"},
				"east": {"uv": [4.25, 0.75, 6.5, 1.5], "texture": "#0"},
				"south": {"uv": [4.25, 8.25, 5, 9], "texture": "#0"},
				"west": {"uv": [4.25, 1.5, 6.5, 2.25], "texture": "#0"},
				"up": {"uv": [4.5, 6.75, 3.75, 4.5], "texture": "#0"},
				"down": {"uv": [5.25, 4.5, 4.5, 6.75], "texture": "#0"}
			}
		},
		{
			"from": [12.884, 6.804, 3.788],
			"to": [16.124, 10.044, 13.076],
			"rotation": {"angle": 22.5, "axis": "z", "origin": [12.884, 6.804, 12.428]},
			"faces": {
				"north": {"uv": [7, 7.5, 7.75, 8.25], "texture": "#0"},
				"east": {"uv": [3, 3.75, 5.25, 4.5], "texture": "#0"},
				"south": {"uv": [7.75, 7.5, 8.5, 8.25], "texture": "#0"},
				"west": {"uv": [4.25, 0, 6.5, 0.75], "texture": "#0"},
				"up": {"uv": [3, 6.75, 2.25, 4.5], "texture": "#0"},
				"down": {"uv": [3.75, 4.5, 3, 6.75], "texture": "#0"}
			}
		}
	],
	"display": {
		"thirdperson_righthand": {
			"rotation": [75, 45, 0],
			"translation": [0, 2.5, 1],
			"scale": [0.375, 0.375, 0.375]
		},
		"thirdperson_lefthand": {
			"rotation": [75, 45, 0],
			"translation": [0, 2.5, 1],
			"scale": [0.375, 0.375, 0.375]
		},
		"firstperson_righthand": {
			"rotation": [0, 225, 0],
			"translation": [0, 2, 0],
			"scale": [0.4, 0.4, -0.4]
		},
		"firstperson_lefthand": {
			"rotation": [0, 225, 0],
			"translation": [0, 2, 0],
			"scale": [0.4, 0.4, -0.4]
		},
		"ground": {
			"translation": [0, 3, 0],
			"scale": [0.25, 0.25, 0.25]
		},
		"gui": {
			"rotation": [30, 138, 0],
			"translation": [0, 1, 0],
			"scale": [0.7, 0.7, 0.7]
		},
		"head": {
			"translation": [0, 4, -0.5],
			"scale": [1.6, 1.6, 1.6]
		},
		"fixed": {
			"rotation": [-90, 0, 0],
			"translation": [0, -3, -13.75],
			"scale": [2, 2, 2]
		}
	}
}