{
	"__comment": "Designed by Galingueur with Cubik Studio - https://cubik.studio",
	"textures": {
		"particle": "block/m_a1_back",
		"a1_back": "block/m_a1_back",
		"a1_bottom": "block/m_a1_bottom",
		"a1_front": "block/m_a1_front",
		"a1_keyboard": "block/m_a1_keyboard",
		"a1_keyboard_bottom": "block/m_a1_keyboard_bottom",
		"a1_keyboard_up": "block/m_a1_keyboard_up",
		"a1_sides": "block/m_a1_sides"
	},
	"elements": [
		{
			"__comment": "Cube1",
			"from": [ 6, 0, 0.5 ],
			"to": [ 12, 2.5, 15.5 ],
			"rotation": { "origin": [ 12, 2.861023E-06, 0.5 ], "axis": "z", "angle": 22.5 },
			"faces": {
				"down": { "uv": [ 0, 3, 16, 10 ], "texture": "#a1_bottom", "cullface": "down", "rotation": 270 },
				"up": { "uv": [ 0.5, 6, 15.5, 13 ], "texture": "#a1_bottom", "cullface": "down", "rotation": 90 },
				"north": { "uv": [ 4.5, 12, 11.5, 16 ], "texture": "#a1_bottom", "cullface": "down" },
				"south": { "uv": [ 4.5, 12, 11.5, 16 ], "texture": "#a1_bottom", "cullface": "down" },
				"west": { "uv": [ 0, 12, 16, 16 ], "texture": "#a1_bottom", "cullface": "down" }
			}
		},
		{
			"__comment": "Cube1",
			"from": [ 4, 14, 0 ],
			"to": [ 10, 15, 16 ],
			"faces": {
				"down": { "uv": [ 0, 4, 16, 10 ], "texture": "#a1_keyboard_bottom", "rotation": 270 },
				"up": { "uv": [ 0, 10, 16, 16 ], "texture": "#a1_keyboard_up", "rotation": 90 },
				"north": { "uv": [ 6, 1, 12, 2 ], "texture": "#a1_keyboard_bottom", "cullface": "west" },
				"south": { "uv": [ 4, 1, 10, 2 ], "texture": "#a1_keyboard_bottom", "cullface": "east" },
				"west": { "uv": [ 0, 0, 16, 1 ], "texture": "#a1_keyboard_bottom" }
			}
		},
		{
			"__comment": "Cube1",
			"from": [ 10, 0, 0 ],
			"to": [ 16, 16, 16 ],
			"faces": {
				"down": { "uv": [ 0, 10, 16, 16 ], "texture": "#a1_bottom", "cullface": "down", "rotation": 270 },
				"up": { "uv": [ 6, 0, 12, 16 ], "texture": "#a1_sides", "cullface": "up", "rotation": 180 },
				"north": { "uv": [ 0, 0, 6, 16 ], "texture": "#a1_sides", "cullface": "west" },
				"south": { "uv": [ 0, 0, 6, 16 ], "texture": "#a1_sides", "cullface": "east" },
				"west": { "uv": [ 0, 0, 16, 16 ], "texture": "#a1_front" },
				"east": { "uv": [ 0, 0, 16, 16 ], "texture": "#a1_front", "cullface": "north" }
			}
		},
		{
			"__comment": "PlaneY4",
			"from": [ 5.5, 16, 0.5 ],
			"to": [ 6, 16.001, 4 ],
			"faces": {
				"up": { "uv": [ 2, 2, 4, 3 ], "texture": "#a1_keyboard", "cullface": "up", "rotation": 90 }
			}
		},
		{
			"__comment": "PlaneY4",
			"from": [ 7.5, 16, 10 ],
			"to": [ 9.5, 16.001, 11 ],
			"faces": {
				"up": { "uv": [ 1, 2, 5, 3 ], "texture": "#a1_keyboard", "cullface": "up", "rotation": 180 }
			}
		},
		{
			"__comment": "PlaneY4",
			"from": [ 7.5, 16, 0.5 ],
			"to": [ 8, 16.001, 5 ],
			"faces": {
				"up": { "uv": [ 1, 6, 3, 7 ], "texture": "#a1_keyboard", "cullface": "up", "rotation": 90 }
			}
		},
		{
			"__comment": "PlaneY4",
			"from": [ 5.5, 16, 10 ],
			"to": [ 6, 16.001, 15.5 ],
			"faces": {
				"up": { "uv": [ 12, 8, 14, 9 ], "texture": "#a1_keyboard", "cullface": "up", "rotation": 90 }
			}
		},
		{
			"__comment": "PlaneY4",
			"from": [ 5.5, 16, 6.5 ],
			"to": [ 6, 16.001, 9.5 ],
			"faces": {
				"up": { "uv": [ 1, 8, 3, 9 ], "texture": "#a1_keyboard", "cullface": "up", "rotation": 90 }
			}
		},
		{
			"__comment": "PlaneY4",
			"from": [ 8.5, 16, 0.5 ],
			"to": [ 9.5, 16.001, 3.5 ],
			"faces": {
				"up": { "uv": [ 1, 8, 3, 9 ], "texture": "#a1_keyboard", "cullface": "up", "rotation": 90 }
			}
		},
		{
			"__comment": "PlaneY4",
			"from": [ 6.5, 16, 6.5 ],
			"to": [ 9.5, 16.001, 9.5 ],
			"faces": {
				"up": { "uv": [ 1, 2, 5, 3 ], "texture": "#a1_keyboard", "cullface": "up", "rotation": 180 }
			}
		},
		{
			"__comment": "PlaneY4",
			"from": [ 6.5, 16, 0.5 ],
			"to": [ 7, 16.001, 6 ],
			"faces": {
				"up": { "uv": [ 2, 2, 4, 3 ], "texture": "#a1_keyboard", "cullface": "up", "rotation": 90 }
			}
		},
		{
			"__comment": "PlaneY4",
			"from": [ 8.5, 16, 11.5 ],
			"to": [ 9, 16.001, 15.5 ],
			"faces": {
				"up": { "uv": [ 2, 2, 4, 3 ], "texture": "#a1_keyboard", "cullface": "up", "rotation": 90 }
			}
		},
		{
			"__comment": "PlaneY4",
			"from": [ 7.5, 16, 11.5 ],
			"to": [ 8, 16.001, 15.5 ],
			"faces": {
				"up": { "uv": [ 2, 2, 4, 3 ], "texture": "#a1_keyboard", "cullface": "up", "rotation": 90 }
			}
		},
		{
			"__comment": "PlaneY4",
			"from": [ 6.5, 16, 10 ],
			"to": [ 7, 16.001, 15.5 ],
			"faces": {
				"up": { "uv": [ 12, 8, 14, 9 ], "texture": "#a1_keyboard", "cullface": "up", "rotation": 90 }
			}
		}
	],
	"display": {
		"thirdperson_righthand": {
			"scale":  [ 0.6, 0.6, 0.6 ]
		},
		"thirdperson_lefthand": {
			"rotation":  [ 0, 180, 0 ],
			"scale":  [ 0.6, 0.6, 0.6 ]
		},
		"firstperson_righthand": {
			"scale":  [ 0.6, 0.6, 0.6 ]
		},
		"firstperson_lefthand": {
			"rotation":  [ 0, 180, 0 ],
			"scale":  [ 0.6, 0.6, 0.6 ]
		},
		"gui": {
			"rotation":  [ 20, 50, 0 ],
			"translation":  [ -1, 0, 0 ],
			"scale":  [ 0.6, 0.6, 0.6 ]
		},
		"ground": {
			"translation":  [ 0, 6.2608, 0 ],
			"scale":  [ 0.6, 0.6, 0.6 ]
		},
		"fixed": {
			"rotation":  [ 180, 90, 90 ],
			"translation":  [ 0, 1.3929, 9.043 ],
			"scale":  [ 1.5, 1.5, 1.5 ]
		}
	}
}