{
	"__comment": "Designed by Galingueur with Cubik Studio - https://cubik.studio",
	"textures": {
		"particle": "block/m_wall_moss",
		"texture": "block/m_wall_moss"
	},
	"elements": [
		{
			"__comment": "Cube1",
			"from": [ 7, 0, 10 ],
			"to": [ 9, 17, 11 ],
			"faces": {
				"down": { "uv": [ 0, 0, 2, 1 ], "texture": "#texture" },
				"up": { "uv": [ 0, 0, 2, 1 ], "texture": "#texture" },
				"north": { "uv": [ 0, 0, 1, 16 ], "texture": "#texture" },
				"south": { "uv": [ 0, 0, 1, 16 ], "texture": "#texture" },
				"west": { "uv": [ 0, 0, 2, 16 ], "texture": "#texture" },
				"east": { "uv": [ 0, 0, 2, 16 ], "texture": "#texture" }
			}
		},
		{
			"__comment": "Cube1",
			"from": [ 5.5, 17, 7 ],
			"to": [ 6.5, 19, 9 ],
			"faces": {
				"down": { "uv": [ 9, 13, 11, 14 ], "texture": "#texture" },
				"up": { "uv": [ 9, 13, 11, 14 ], "texture": "#texture" },
				"north": { "uv": [ 2, 13, 3, 15 ], "texture": "#texture" },
				"south": { "uv": [ 2, 13, 3, 15 ], "texture": "#texture" },
				"west": { "uv": [ 6, 13, 8, 15 ], "texture": "#texture" },
				"east": { "uv": [ 6, 13, 8, 15 ], "texture": "#texture" }
			}
		},
		{
			"__comment": "Cube1",
			"from": [ 6.25, 17, 6.25 ],
			"to": [ 9.75, 18, 9.75 ],
			"faces": {
				"down": { "uv": [ 9, 13, 11, 14 ], "texture": "#texture" },
				"up": { "uv": [ 12, 9, 16, 13 ], "texture": "#texture" },
				"north": { "uv": [ 9, 0, 10, 1 ], "texture": "#texture" },
				"south": { "uv": [ 9, 0, 10, 1 ], "texture": "#texture" },
				"west": { "uv": [ 9, 0, 10, 1 ], "texture": "#texture" },
				"east": { "uv": [ 9, 0, 10, 1 ], "texture": "#texture" }
			}
		},
		{
			"__comment": "Cube1",
			"from": [ 6, 0, 6 ],
			"to": [ 10, 17, 10 ],
			"faces": {
				"down": { "uv": [ 2, 6, 10, 10 ], "texture": "#texture", "rotation": 90 },
				"up": { "uv": [ 2, 0, 4, 1 ], "texture": "#texture", "rotation": 90 },
				"north": { "uv": [ 2, 0, 6, 16 ], "texture": "#texture" },
				"south": { "uv": [ 2, 0, 6, 16 ], "texture": "#texture" },
				"west": { "uv": [ 4, 0, 8, 16 ], "texture": "#texture" },
				"east": { "uv": [ 4, 0, 8, 16 ], "texture": "#texture" }
			}
		},
		{
			"__comment": "Cube1",
			"from": [ 10, 0, 7 ],
			"to": [ 11, 17, 9 ],
			"faces": {
				"down": { "uv": [ 0, 0, 2, 1 ], "texture": "#texture" },
				"up": { "uv": [ 0, 0, 2, 1 ], "texture": "#texture" },
				"north": { "uv": [ 0, 0, 1, 16 ], "texture": "#texture" },
				"south": { "uv": [ 0, 0, 1, 16 ], "texture": "#texture" },
				"west": { "uv": [ 0, 0, 2, 16 ], "texture": "#texture" },
				"east": { "uv": [ 0, 0, 2, 16 ], "texture": "#texture" }
			}
		},
		{
			"__comment": "Cube1",
			"from": [ 7, 17, 9.5 ],
			"to": [ 9, 19, 10.5 ],
			"faces": {
				"down": { "uv": [ 9, 13, 11, 14 ], "texture": "#texture" },
				"up": { "uv": [ 9, 13, 11, 14 ], "texture": "#texture" },
				"north": { "uv": [ 2, 13, 3, 15 ], "texture": "#texture" },
				"south": { "uv": [ 2, 13, 3, 15 ], "texture": "#texture" },
				"west": { "uv": [ 6, 13, 8, 15 ], "texture": "#texture" },
				"east": { "uv": [ 6, 13, 8, 15 ], "texture": "#texture" }
			}
		},
		{
			"__comment": "Cube1",
			"from": [ 5, 0, 7 ],
			"to": [ 6, 17, 9 ],
			"faces": {
				"down": { "uv": [ 0, 0, 2, 1 ], "texture": "#texture" },
				"up": { "uv": [ 0, 0, 2, 1 ], "texture": "#texture" },
				"north": { "uv": [ 0, 0, 1, 16 ], "texture": "#texture" },
				"south": { "uv": [ 0, 0, 1, 16 ], "texture": "#texture" },
				"west": { "uv": [ 0, 0, 2, 16 ], "texture": "#texture" },
				"east": { "uv": [ 0, 0, 2, 16 ], "texture": "#texture" }
			}
		},
		{
			"__comment": "Cube1",
			"from": [ 7, 0, 5 ],
			"to": [ 9, 17, 6 ],
			"faces": {
				"down": { "uv": [ 0, 0, 2, 1 ], "texture": "#texture" },
				"up": { "uv": [ 0, 0, 2, 1 ], "texture": "#texture" },
				"north": { "uv": [ 0, 0, 2, 16 ], "texture": "#texture" },
				"south": { "uv": [ 0, 0, 2, 16 ], "texture": "#texture" },
				"west": { "uv": [ 0, 0, 2, 16 ], "texture": "#texture" },
				"east": { "uv": [ 0, 0, 2, 16 ], "texture": "#texture" }
			}
		},
		{
			"__comment": "Cube1",
			"from": [ 9.5, 17, 7 ],
			"to": [ 10.5, 19, 9 ],
			"faces": {
				"down": { "uv": [ 9, 13, 11, 14 ], "texture": "#texture" },
				"up": { "uv": [ 9, 13, 11, 14 ], "texture": "#texture" },
				"north": { "uv": [ 2, 13, 3, 15 ], "texture": "#texture" },
				"south": { "uv": [ 2, 13, 3, 15 ], "texture": "#texture" },
				"west": { "uv": [ 6, 13, 8, 15 ], "texture": "#texture" },
				"east": { "uv": [ 6, 13, 8, 15 ], "texture": "#texture" }
			}
		},
		{
			"__comment": "Cube1",
			"from": [ 7, 17, 5.5 ],
			"to": [ 9, 19, 6.5 ],
			"faces": {
				"down": { "uv": [ 9, 13, 11, 14 ], "texture": "#texture" },
				"up": { "uv": [ 9, 13, 11, 14 ], "texture": "#texture" },
				"north": { "uv": [ 2, 13, 3, 15 ], "texture": "#texture" },
				"south": { "uv": [ 2, 13, 3, 15 ], "texture": "#texture" },
				"west": { "uv": [ 6, 13, 8, 15 ], "texture": "#texture" },
				"east": { "uv": [ 6, 13, 8, 15 ], "texture": "#texture" }
			}
		}
	]
}