{
	"__comment": "Designed by Galingueur with BDcraft Cubik PRO 0.96 Beta - http://bdcraft.net",
	"textures": {
		"particle": "block/m_fence_birch",
		"texture": "block/m_fence_birch",
		"texture1": "block/m_fence_birch_topdown"
	},
	"elements": [
		{
			"__comment": "Cube25",
			"from": [ 6, 0, 6 ],
			"to": [ 10, 16, 10 ],
			"faces": {
				"down": { "uv": [ 6, 12, 10, 16 ], "texture": "#texture1" },
				"up": { "uv": [ 6, 12, 10, 16 ], "texture": "#texture1", "rotation": 90 },
				"north": { "uv": [ 6, 0, 10, 16 ], "texture": "#texture" },
				"south": { "uv": [ 6, 0, 10, 16 ], "texture": "#texture" },
				"west": { "uv": [ 6, 0, 10, 16 ], "texture": "#texture" },
				"east": { "uv": [ 6, 0, 10, 16 ], "texture": "#texture" }
			}
		},
		{
			"__comment": "Cube25",
			"from": [ 7, 12, 0 ],
			"to": [ 9, 16, 6 ],
			"faces": {
				"down": { "uv": [ 0, 10, 6, 12 ], "texture": "#texture1" },
				"up": { "uv": [ 0, 8, 6, 10 ], "texture": "#texture1", "rotation": 90 },
				"north": { "uv": [ 0, 0, 2, 4 ], "texture": "#texture" },
				"south": { "uv": [ 0, 0, 2, 4 ], "texture": "#texture" },
				"west": { "uv": [ 0, 0, 6, 4 ], "texture": "#texture" },
				"east": { "uv": [ 6, 0, 0, 4 ], "texture": "#texture" }
			}
		},
		{
			"__comment": "Cube25",
			"from": [ 7, 8, 0 ],
			"to": [ 9, 10, 6 ],
			"faces": {
				"down": { "uv": [ 0, 14, 6, 16 ], "texture": "#texture1" },
				"up": { "uv": [ 0, 12, 6, 14 ], "texture": "#texture1", "rotation": 90 },
				"north": { "uv": [ 0, 6, 2, 8 ], "texture": "#texture" },
				"south": { "uv": [ 0, 6, 2, 8 ], "texture": "#texture" },
				"west": { "uv": [ 0, 6, 6, 8 ], "texture": "#texture" },
				"east": { "uv": [ 6, 6, 0, 8 ], "texture": "#texture" }
			}
		},
		{
			"__comment": "Cube25",
			"from": [ 7, 5, 0 ],
			"to": [ 9, 7, 6 ],
			"faces": {
				"down": { "uv": [ 0, 14, 6, 16 ], "texture": "#texture1" },
				"up": { "uv": [ 0, 12, 6, 14 ], "texture": "#texture1", "rotation": 90 },
				"north": { "uv": [ 0, 6, 2, 8 ], "texture": "#texture" },
				"south": { "uv": [ 0, 6, 2, 8 ], "texture": "#texture" },
				"west": { "uv": [ 0, 9, 6, 11 ], "texture": "#texture" },
				"east": { "uv": [ 6, 9, 0, 11 ], "texture": "#texture" }
			}
		},
		{
			"__comment": "Cube25",
			"from": [ 7, 2, 0 ],
			"to": [ 9, 4, 6 ],
			"faces": {
				"down": { "uv": [ 0, 14, 6, 16 ], "texture": "#texture1" },
				"up": { "uv": [ 0, 12, 6, 14 ], "texture": "#texture1", "rotation": 90 },
				"north": { "uv": [ 0, 6, 2, 8 ], "texture": "#texture" },
				"south": { "uv": [ 0, 6, 2, 8 ], "texture": "#texture" },
				"west": { "uv": [ 0, 12, 6, 14 ], "texture": "#texture" },
				"east": { "uv": [ 6, 12, 0, 14 ], "texture": "#texture" }
			}
		},
		{
			"__comment": "Cube25",
			"from": [ 10, 12, 7 ],
			"to": [ 16, 16, 9 ],
			"faces": {
				"down": { "uv": [ 0, 10, 6, 12 ], "texture": "#texture1", "rotation": 270 },
				"up": { "uv": [ 0, 8, 6, 10 ], "texture": "#texture1", "rotation": 180 },
				"north": { "uv": [ 0, 0, 6, 4 ], "texture": "#texture" },
				"south": { "uv": [ 6, 0, 0, 4 ], "texture": "#texture" },
				"west": { "uv": [ 0, 0, 2, 4 ], "texture": "#texture" },
				"east": { "uv": [ 0, 0, 2, 4 ], "texture": "#texture" }
			}
		},
		{
			"__comment": "Cube25",
			"from": [ 10, 8, 7 ],
			"to": [ 16, 10, 9 ],
			"faces": {
				"down": { "uv": [ 0, 14, 6, 16 ], "texture": "#texture1", "rotation": 270 },
				"up": { "uv": [ 0, 12, 6, 14 ], "texture": "#texture1", "rotation": 180 },
				"north": { "uv": [ 0, 6, 6, 8 ], "texture": "#texture" },
				"south": { "uv": [ 6, 6, 0, 8 ], "texture": "#texture" },
				"west": { "uv": [ 0, 6, 2, 8 ], "texture": "#texture" },
				"east": { "uv": [ 0, 6, 2, 8 ], "texture": "#texture" }
			}
		},
		{
			"__comment": "Cube25",
			"from": [ 10, 5, 7 ],
			"to": [ 16, 7, 9 ],
			"faces": {
				"down": { "uv": [ 0, 14, 6, 16 ], "texture": "#texture1", "rotation": 270 },
				"up": { "uv": [ 0, 12, 6, 14 ], "texture": "#texture1", "rotation": 180 },
				"north": { "uv": [ 0, 9, 6, 11 ], "texture": "#texture" },
				"south": { "uv": [ 6, 9, 0, 11 ], "texture": "#texture" },
				"west": { "uv": [ 0, 6, 2, 8 ], "texture": "#texture" },
				"east": { "uv": [ 0, 6, 2, 8 ], "texture": "#texture" }
			}
		},
		{
			"__comment": "Cube25",
			"from": [ 10, 2, 7 ],
			"to": [ 16, 4, 9 ],
			"faces": {
				"down": { "uv": [ 0, 14, 6, 16 ], "texture": "#texture1", "rotation": 270 },
				"up": { "uv": [ 0, 12, 6, 14 ], "texture": "#texture1", "rotation": 180 },
				"north": { "uv": [ 0, 12, 6, 14 ], "texture": "#texture" },
				"south": { "uv": [ 6, 12, 0, 14 ], "texture": "#texture" },
				"west": { "uv": [ 0, 6, 2, 8 ], "texture": "#texture" },
				"east": { "uv": [ 0, 6, 2, 8 ], "texture": "#texture" }
			}
		}
	]
}