{
	"__comment": "Designed by Galingueur with Cubik Studio - https://cubik.studio",
	"textures": {
		"particle": "block/m_plate",
		"texture": "block/m_plate"
	},
	"elements": [
		{
			"__comment": "PlaneY12",
			"from": [ 2.5, 0, 2.5 ],
			"to": [ 13.5, 0.5, 13.5 ],
			"faces": {
				"down": { "uv": [ 5, 5, 16, 16 ], "texture": "#texture" },
				"up": { "uv": [ 5, 5, 16, 16 ], "texture": "#texture" }
			}
		},
		{
			"__comment": "Cube13",
			"from": [ 4.5, 0, 2.5 ],
			"to": [ 11.5, 1, 3.5 ],
			"faces": {
				"down": { "uv": [ 7, 15, 14, 16 ], "texture": "#texture" },
				"up": { "uv": [ 7, 15, 14, 16 ], "texture": "#texture" },
				"north": { "uv": [ 7, 15, 14, 16 ], "texture": "#texture" },
				"south": { "uv": [ 7, 15, 14, 16 ], "texture": "#texture" },
				"west": { "uv": [ 13, 15, 14, 16 ], "texture": "#texture" },
				"east": { "uv": [ 7, 15, 8, 16 ], "texture": "#texture" }
			}
		},
		{
			"__comment": "Cube13",
			"from": [ 4.5, 0, 12.5 ],
			"to": [ 11.5, 1, 13.5 ],
			"faces": {
				"down": { "uv": [ 7, 15, 14, 16 ], "texture": "#texture" },
				"up": { "uv": [ 7, 15, 14, 16 ], "texture": "#texture" },
				"north": { "uv": [ 7, 15, 14, 16 ], "texture": "#texture" },
				"south": { "uv": [ 7, 15, 14, 16 ], "texture": "#texture" },
				"west": { "uv": [ 13, 15, 14, 16 ], "texture": "#texture" },
				"east": { "uv": [ 7, 15, 8, 16 ], "texture": "#texture" }
			}
		},
		{
			"__comment": "Cube13",
			"from": [ 2.5, 0, 4.5 ],
			"to": [ 3.5, 1, 11.5 ],
			"faces": {
				"down": { "uv": [ 5, 7, 6, 14 ], "texture": "#texture" },
				"up": { "uv": [ 5, 7, 6, 14 ], "texture": "#texture" },
				"north": { "uv": [ 10, 15, 11, 16 ], "texture": "#texture" },
				"south": { "uv": [ 5, 13, 6, 14 ], "texture": "#texture" },
				"west": { "uv": [ 7, 15, 14, 16 ], "texture": "#texture" },
				"east": { "uv": [ 7, 15, 14, 16 ], "texture": "#texture" }
			}
		},
		{
			"__comment": "Cube13",
			"from": [ 12.5, 0, 4.5 ],
			"to": [ 13.5, 1, 11.5 ],
			"faces": {
				"down": { "uv": [ 5, 7, 6, 14 ], "texture": "#texture" },
				"up": { "uv": [ 5, 7, 6, 14 ], "texture": "#texture" },
				"north": { "uv": [ 10, 15, 11, 16 ], "texture": "#texture" },
				"south": { "uv": [ 5, 13, 6, 14 ], "texture": "#texture" },
				"west": { "uv": [ 7, 15, 14, 16 ], "texture": "#texture" },
				"east": { "uv": [ 7, 15, 14, 16 ], "texture": "#texture" }
			}
		},
		{
			"__comment": "Cube13",
			"from": [ 3.5, 0, 11.5 ],
			"to": [ 4.5, 1, 12.5 ],
			"faces": {
				"down": { "uv": [ 5, 7, 6, 14 ], "texture": "#texture" },
				"up": { "uv": [ 5, 7, 6, 14 ], "texture": "#texture" },
				"north": { "uv": [ 10, 15, 11, 16 ], "texture": "#texture" },
				"south": { "uv": [ 5, 13, 6, 14 ], "texture": "#texture" },
				"west": { "uv": [ 7, 15, 14, 16 ], "texture": "#texture" },
				"east": { "uv": [ 7, 15, 14, 16 ], "texture": "#texture" }
			}
		},
		{
			"__comment": "Cube13",
			"from": [ 3.5, 0, 3.5 ],
			"to": [ 4.5, 1, 4.5 ],
			"faces": {
				"down": { "uv": [ 5, 7, 6, 14 ], "texture": "#texture" },
				"up": { "uv": [ 5, 7, 6, 14 ], "texture": "#texture" },
				"north": { "uv": [ 10, 15, 11, 16 ], "texture": "#texture" },
				"south": { "uv": [ 5, 13, 6, 14 ], "texture": "#texture" },
				"west": { "uv": [ 7, 15, 14, 16 ], "texture": "#texture" },
				"east": { "uv": [ 7, 15, 14, 16 ], "texture": "#texture" }
			}
		},
		{
			"__comment": "Cube13",
			"from": [ 11.5, 0, 3.5 ],
			"to": [ 12.5, 1, 4.5 ],
			"faces": {
				"down": { "uv": [ 5, 7, 6, 14 ], "texture": "#texture" },
				"up": { "uv": [ 5, 7, 6, 14 ], "texture": "#texture" },
				"north": { "uv": [ 10, 15, 11, 16 ], "texture": "#texture" },
				"south": { "uv": [ 5, 13, 6, 14 ], "texture": "#texture" },
				"west": { "uv": [ 7, 15, 14, 16 ], "texture": "#texture" },
				"east": { "uv": [ 7, 15, 14, 16 ], "texture": "#texture" }
			}
		},
		{
			"__comment": "Cube13",
			"from": [ 11.5, 0, 11.5 ],
			"to": [ 12.5, 1, 12.5 ],
			"faces": {
				"down": { "uv": [ 5, 7, 6, 14 ], "texture": "#texture" },
				"up": { "uv": [ 5, 7, 6, 14 ], "texture": "#texture" },
				"north": { "uv": [ 10, 15, 11, 16 ], "texture": "#texture" },
				"south": { "uv": [ 5, 13, 6, 14 ], "texture": "#texture" },
				"west": { "uv": [ 7, 15, 14, 16 ], "texture": "#texture" },
				"east": { "uv": [ 7, 15, 14, 16 ], "texture": "#texture" }
			}
		},
		{
			"__comment": "Cube13",
			"from": [ 3.5, 0, 6.5 ],
			"to": [ 6.5, 1, 7.5 ],
			"faces": {
				"down": { "uv": [ 5, 7, 6, 14 ], "texture": "#texture" },
				"up": { "uv": [ 5, 7, 6, 14 ], "texture": "#texture" },
				"north": { "uv": [ 10, 15, 11, 16 ], "texture": "#texture" },
				"south": { "uv": [ 5, 13, 6, 14 ], "texture": "#texture" },
				"west": { "uv": [ 7, 15, 14, 16 ], "texture": "#texture" },
				"east": { "uv": [ 7, 15, 14, 16 ], "texture": "#texture" }
			}
		},
		{
			"__comment": "Cube13",
			"from": [ 9.5, 0, 6.5 ],
			"to": [ 12.5, 1, 7.5 ],
			"faces": {
				"down": { "uv": [ 5, 7, 6, 14 ], "texture": "#texture" },
				"up": { "uv": [ 5, 7, 6, 14 ], "texture": "#texture" },
				"north": { "uv": [ 10, 15, 11, 16 ], "texture": "#texture" },
				"south": { "uv": [ 5, 13, 6, 14 ], "texture": "#texture" },
				"west": { "uv": [ 7, 15, 14, 16 ], "texture": "#texture" },
				"east": { "uv": [ 7, 15, 14, 16 ], "texture": "#texture" }
			}
		},
		{
			"__comment": "Cube13",
			"from": [ 6.5, 0, 7.5 ],
			"to": [ 9.5, 1, 8.5 ],
			"faces": {
				"down": { "uv": [ 5, 7, 6, 14 ], "texture": "#texture" },
				"up": { "uv": [ 5, 7, 6, 14 ], "texture": "#texture" },
				"north": { "uv": [ 10, 15, 11, 16 ], "texture": "#texture" },
				"south": { "uv": [ 5, 13, 6, 14 ], "texture": "#texture" },
				"west": { "uv": [ 7, 15, 14, 16 ], "texture": "#texture" },
				"east": { "uv": [ 7, 15, 14, 16 ], "texture": "#texture" }
			}
		},
		{
			"__comment": "Cube13",
			"from": [ 7.5, 0, 8.5 ],
			"to": [ 8.5, 1, 12.5 ],
			"faces": {
				"down": { "uv": [ 5, 7, 6, 14 ], "texture": "#texture" },
				"up": { "uv": [ 5, 7, 6, 14 ], "texture": "#texture" },
				"north": { "uv": [ 10, 15, 11, 16 ], "texture": "#texture" },
				"south": { "uv": [ 5, 13, 6, 14 ], "texture": "#texture" },
				"west": { "uv": [ 7, 15, 14, 16 ], "texture": "#texture" },
				"east": { "uv": [ 7, 15, 14, 16 ], "texture": "#texture" }
			}
		},
		{
			"__comment": "Cube30",
			"from": [ 4.5, 0, 8.5 ],
			"to": [ 6.5, 1, 10.5 ],
			"faces": {
				"down": { "uv": [ 7, 3, 9, 5 ], "texture": "#texture" },
				"up": { "uv": [ 7, 11, 9, 13 ], "texture": "#texture" },
				"north": { "uv": [ 7, 12, 9, 13 ], "texture": "#texture" },
				"south": { "uv": [ 7, 11, 9, 12 ], "texture": "#texture" },
				"west": { "uv": [ 7, 11, 9, 12 ], "texture": "#texture" },
				"east": { "uv": [ 7, 11, 9, 12 ], "texture": "#texture" }
			}
		},
		{
			"__comment": "Cube31",
			"from": [ 6.5, 0, 3.5 ],
			"to": [ 9.5, 1.5, 6.5 ],
			"faces": {
				"down": { "uv": [ 9, 6, 12, 9 ], "texture": "#texture" },
				"up": { "uv": [ 9, 6, 12, 9 ], "texture": "#texture" },
				"north": { "uv": [ 9, 6, 12, 7 ], "texture": "#texture" },
				"south": { "uv": [ 9, 8, 12, 9 ], "texture": "#texture" },
				"west": { "uv": [ 9, 8, 12, 9 ], "texture": "#texture" },
				"east": { "uv": [ 9, 8, 12, 9 ], "texture": "#texture" }
			}
		},
		{
			"__comment": "Cube31",
			"from": [ 5.5, 0, 4.5 ],
			"to": [ 6.5, 1, 6.5 ],
			"faces": {
				"down": { "uv": [ 12, 8, 13, 10 ], "texture": "#texture" },
				"up": { "uv": [ 8, 7, 9, 9 ], "texture": "#texture" },
				"north": { "uv": [ 10, 7, 11, 8 ], "texture": "#texture" },
				"south": { "uv": [ 10, 7, 11, 8 ], "texture": "#texture" },
				"west": { "uv": [ 10, 8, 12, 9 ], "texture": "#texture" },
				"east": { "uv": [ 11, 6.5, 13, 7.5 ], "texture": "#texture" }
			}
		},
		{
			"__comment": "Cube31",
			"from": [ 9.5, 0, 3.5 ],
			"to": [ 10.5, 1.5, 5.5 ],
			"faces": {
				"down": { "uv": [ 12, 8, 13, 10 ], "texture": "#texture" },
				"up": { "uv": [ 12, 6, 13, 8 ], "texture": "#texture" },
				"north": { "uv": [ 10, 7, 11, 8 ], "texture": "#texture" },
				"south": { "uv": [ 10, 7, 11, 8 ], "texture": "#texture" },
				"west": { "uv": [ 10, 8, 12, 9 ], "texture": "#texture" },
				"east": { "uv": [ 11, 6.5, 13, 7.5 ], "texture": "#texture" }
			}
		},
		{
			"__comment": "Cube35",
			"from": [ 9.5, 0, 7.5 ],
			"to": [ 12.5, 1, 8.5 ],
			"faces": {
				"down": { "uv": [ 12, 7.5, 15, 8.5 ], "texture": "#texture" },
				"up": { "uv": [ 12, 10, 15, 11 ], "texture": "#texture" },
				"north": { "uv": [ 1, 15, 4, 16 ], "texture": "#texture" },
				"south": { "uv": [ 12, 15, 15, 16 ], "texture": "#texture" },
				"west": { "uv": [ 7.5, 15, 8.5, 16 ], "texture": "#texture" },
				"east": { "uv": [ 7.5, 15, 8.5, 16 ], "texture": "#texture" }
			}
		},
		{
			"__comment": "Cube35",
			"from": [ 11.5, 0, 7.5 ],
			"to": [ 12.5, 1.5, 8.5 ],
			"faces": {
				"down": { "uv": [ 13, 11, 14, 12 ], "texture": "#texture" },
				"up": { "uv": [ 14, 10, 15, 11 ], "texture": "#texture" },
				"north": { "uv": [ 13, 12, 14, 13.5 ], "texture": "#texture" },
				"south": { "uv": [ 13, 12, 14, 13.5 ], "texture": "#texture" },
				"west": { "uv": [ 12, 13, 13, 14.5 ], "texture": "#texture" },
				"east": { "uv": [ 13, 12, 14, 13.5 ], "texture": "#texture" }
			}
		},
		{
			"__comment": "Cube35",
			"from": [ 8.5, 0, 10.5 ],
			"to": [ 10.5, 1, 11.5 ],
			"faces": {
				"down": { "uv": [ 11, 2, 13, 3 ], "texture": "#texture" },
				"up": { "uv": [ 11, 13, 13, 14 ], "texture": "#texture" },
				"north": { "uv": [ 11, 13, 13, 14 ], "texture": "#texture" },
				"south": { "uv": [ 11, 14, 13, 15 ], "texture": "#texture" },
				"west": { "uv": [ 12, 13, 13, 14 ], "texture": "#texture" },
				"east": { "uv": [ 12, 13, 13, 14 ], "texture": "#texture" }
			}
		},
		{
			"__comment": "Cube35",
			"from": [ 9.5, 0, 8.5 ],
			"to": [ 10.5, 1.5, 9.5 ],
			"faces": {
				"down": { "uv": [ 12, 10, 13, 11 ], "texture": "#texture" },
				"up": { "uv": [ 12, 11, 13, 12 ], "texture": "#texture" },
				"north": { "uv": [ 13, 11, 14, 12.5 ], "texture": "#texture" },
				"south": { "uv": [ 12, 13, 13, 14.5 ], "texture": "#texture" },
				"west": { "uv": [ 12, 12, 13, 13.5 ], "texture": "#texture" },
				"east": { "uv": [ 12, 12, 13, 13.5 ], "texture": "#texture" }
			}
		},
		{
			"__comment": "Cube35",
			"from": [ 8.5, 0, 9.5 ],
			"to": [ 9.5, 1.5, 10.5 ],
			"faces": {
				"down": { "uv": [ 13, 11, 14, 12 ], "texture": "#texture" },
				"up": { "uv": [ 11, 12, 12, 13 ], "texture": "#texture" },
				"north": { "uv": [ 12, 12, 13, 13.5 ], "texture": "#texture" },
				"south": { "uv": [ 12, 12, 13, 13.5 ], "texture": "#texture" },
				"west": { "uv": [ 12, 13, 13, 14.5 ], "texture": "#texture" },
				"east": { "uv": [ 11, 13, 12, 14.5 ], "texture": "#texture" }
			}
		},
		{
			"__comment": "Cube35",
			"from": [ 8.5, 0, 8.5 ],
			"to": [ 11.5, 1, 10.5 ],
			"faces": {
				"down": { "uv": [ 11, 12, 14, 14 ], "texture": "#texture" },
				"up": { "uv": [ 11, 11, 14, 13 ], "texture": "#texture" },
				"north": { "uv": [ 11, 11, 14, 12 ], "texture": "#texture" },
				"south": { "uv": [ 11, 12, 14, 13 ], "texture": "#texture" },
				"west": { "uv": [ 11, 13, 13, 14 ], "texture": "#texture" },
				"east": { "uv": [ 11, 13, 13, 14 ], "texture": "#texture" }
			}
		}
	]
}