{
	"__comment": "Designed by Galingueur with Cubik Studio - https://cubik.studio",
	"textures": {
		"particle": "block/m_button",
		"texture": "block/m_button"
	},
	"elements": [ 	 
		{
			"from": [ 6, 0, 5 ],
			"to": [ 10, 1, 6 ],
			"faces": {
				"down": { "uv": [ 9, 15, 13, 16 ], "texture": "#texture", "cullface": "down" },
				"up": { "uv": [ 9, 16, 13, 15 ], "texture": "#texture" },
				"north": { "uv": [ 8, 14, 9, 15 ], "texture": "#texture" },
				"south": { "uv": [ 8, 14, 9, 15 ], "texture": "#texture" },
				"west": { "uv": [ 8, 14, 9, 15 ], "texture": "#texture" },
				"east": { "uv": [ 8, 14, 9, 15 ], "texture": "#texture" }
			}
		},
		{
			"from": [ 5, 0, 6 ],
			"to": [ 11, 1, 10 ],
			"faces": {
				"down": { "uv": [ 2, 11, 8, 15 ], "texture": "#texture", "cullface": "down" },
				"up": { "uv": [ 2, 15, 8, 11 ], "texture": "#texture" },
				"north": { "uv": [ 8, 11, 9, 15 ], "texture": "#texture", "rotation": 90 },
				"south": { "uv": [ 8, 11, 9, 15 ], "texture": "#texture", "rotation": 90 },
				"west": { "uv": [ 8, 11, 9, 15 ], "texture": "#texture", "rotation": 90 },
				"east": { "uv": [ 8, 11, 9, 15 ], "texture": "#texture", "rotation": 90 }
			}
		},
		{
			"from": [ 6, 0, 10 ],
			"to": [ 10, 1, 11 ],
			"faces": {
				"down": { "uv": [ 9, 15, 13, 16 ], "texture": "#texture", "cullface": "down" },
				"up": { "uv": [ 9, 16, 13, 15 ], "texture": "#texture" },
				"north": { "uv": [ 8, 14, 9, 15 ], "texture": "#texture" },
				"south": { "uv": [ 8, 14, 9, 15 ], "texture": "#texture" },
				"west": { "uv": [ 8, 14, 9, 15 ], "texture": "#texture" },
				"east": { "uv": [ 8, 14, 9, 15 ], "texture": "#texture" }
			}
		},
		{
			"__comment": "PlaneY5",
			"from": [ 9, 2, 7 ],
			"to": [ 10, 2.001, 9 ],
			"faces": {
				"down": { "uv": [ 12, 7, 13, 9 ], "texture": "#texture" },
				"up": { "uv": [ 15, 7, 16, 9 ], "texture": "#texture" }
			}
		},
		{
			"__comment": "PlaneY5",
			"from": [ 7, 2, 6 ],
			"to": [ 9, 2.001, 7 ],
			"faces": {
				"down": { "uv": [ 13, 6, 15, 7 ], "texture": "#texture" },
				"up": { "uv": [ 13, 6, 15, 7 ], "texture": "#texture" }
			}
		},
		{
			"__comment": "PlaneY5",
			"from": [ 7, 2, 9 ],
			"to": [ 9, 2.001, 10 ],
			"faces": {
				"down": { "uv": [ 13, 9, 15, 10 ], "texture": "#texture" },
				"up": { "uv": [ 13, 9, 15, 10 ], "texture": "#texture" }
			}
		},
		{
			"__comment": "PlaneY5",
			"from": [ 6, 2, 7 ],
			"to": [ 7, 2.001, 9 ],
			"faces": {
				"down": { "uv": [ 12, 7, 13, 9 ], "texture": "#texture" },
				"up": { "uv": [ 12, 7, 13, 9 ], "texture": "#texture" }
			}
		}
	]
}