{
	
	"textures": {
		"0": "block/carved_pumpkin",
		"particle": "block/carved_pumpkin"
	},
	"elements": [
		{
			"from": [0, 0, 1],
			"to": [16, 2, 16],
			"faces": {
				"north": {"uv": [7.5, 14.75, 9.5, 15.25], "texture": "#0"},
				"east": {"uv": [7.5, 14.75, 9.5, 15.25], "texture": "#0"},
				"south": {"uv": [14, 3.25, 16, 3.75], "texture": "#0"},
				"west": {"uv": [7.5, 14.75, 9.5, 15.25], "texture": "#0"},
				"up": {"uv": [12, 0.25, 14, 1.75], "texture": "#0"},
				"down": {"uv": [12, 0.25, 14, 1.75], "texture": "#0"}
			}
		},
		{
			"from": [0, 16, 2],
			"to": [16, 18, 16],
			"faces": {
				"north": {"uv": [13.5, 2.5, 15.5, 3.5], "texture": "#0"},
				"east": {"uv": [13.5, 2.5, 15.5, 3.5], "texture": "#0"},
				"south": {"uv": [13.5, 2.5, 15.5, 3.5], "texture": "#0"},
				"west": {"uv": [13.5, 2.5, 15.5, 3.5], "texture": "#0"},
				"up": {"uv": [13.5, 2.5, 15.5, 3.5], "texture": "#0"},
				"down": {"uv": [13.5, 2.5, 15.5, 3.5], "texture": "#0"}
			}
		},
		{
			"from": [0, 2, 1],
			"to": [16, 16, 15],
			"faces": {
				"north": {"uv": [9.75, 1.75, 12.25, 3.75], "texture": "#0"},
				"east": {"uv": [9.75, 1.75, 12.25, 3.75], "texture": "#0"},
				"south": {"uv": [9.75, 1.75, 12.25, 3.75], "texture": "#0"},
				"west": {"uv": [9.75, 1.75, 12.25, 3.75], "texture": "#0"},
				"up": {"uv": [9.75, 1.75, 12.25, 3.75], "texture": "#0"},
				"down": {"uv": [9.75, 1.75, 12.25, 3.75], "texture": "#0"}
			}
		},
		{
			"from": [0, 1, 16],
			"to": [16, 16, 17],
			"faces": {
				"north": {"uv": [14.25, 2, 15.75, 3.75], "texture": "#0"},
				"east": {"uv": [14.25, 2, 14.5, 3.75], "texture": "#0"},
				"south": {"uv": [14.25, 2.25, 15.75, 3.75], "texture": "#0"},
				"west": {"uv": [14.25, 2, 14.5, 3.75], "texture": "#0"},
				"up": {"uv": [14.25, 2, 15.75, 2.25], "texture": "#0"},
				"down": {"uv": [14.25, 3.75, 15.75, 4], "texture": "#0"}
			}
		},
		{
			"from": [16, 1, 3],
			"to": [17, 16, 16],
			"faces": {
				"north": {"uv": [2, 2.5, 2.25, 4], "texture": "#0"},
				"east": {"uv": [0, 2, 1.75, 4], "texture": "#0"},
				"south": {"uv": [0, 2, 0.25, 4], "texture": "#0"},
				"west": {"uv": [0, 2, 1.75, 4], "texture": "#0"},
				"up": {"uv": [0, 2, 0.25, 4], "texture": "#0"},
				"down": {"uv": [0, 2, 0.25, 4], "texture": "#0"}
			}
		},
		{
			"from": [-1, 1, 3],
			"to": [0, 16, 16],
			"faces": {
				"north": {"uv": [6, 2.25, 8, 2.75], "texture": "#0"},
				"east": {"uv": [6, 2, 8, 4.25], "texture": "#0"},
				"south": {"uv": [6, 2.75, 8, 3], "texture": "#0"},
				"west": {"uv": [5.5, 2.5, 8, 4.5], "texture": "#0"},
				"up": {"uv": [6, 2, 8, 4.25], "texture": "#0"},
				"down": {"uv": [7, 3.25, 7.25, 5], "texture": "#0"}
			}
		},
		{
			"from": [2, 18, 2],
			"to": [14, 19, 14],
			"faces": {
				"north": {"uv": [5, 2.25, 6.75, 2.75], "texture": "#0"},
				"east": {"uv": [5, 2.25, 6.75, 2.75], "texture": "#0"},
				"south": {"uv": [5, 2.25, 6.75, 2.75], "texture": "#0"},
				"west": {"uv": [5, 2.25, 6.75, 2.75], "texture": "#0"},
				"up": {"uv": [10, 0.25, 12, 1.75], "texture": "#0"},
				"down": {"uv": [5, 2.25, 6.75, 2.75], "texture": "#0"}
			}
		},
		{
			"from": [-2, 2, 4],
			"to": [-1, 15, 15],
			"faces": {
				"north": {"uv": [6, 2, 8, 2.25], "texture": "#0"},
				"east": {"uv": [6, 2, 8, 4.25], "texture": "#0"},
				"south": {"uv": [7.75, 2.75, 8, 4.25], "texture": "#0"},
				"west": {"uv": [6, 2, 8, 4.25], "texture": "#0"},
				"up": {"uv": [6, 2, 8, 2.25], "texture": "#0"},
				"down": {"uv": [7.75, 4.25, 8, 3.75], "texture": "#0"}
			}
		},
		{
			"from": [17, 2, 4],
			"to": [18, 15, 15],
			"faces": {
				"north": {"uv": [6.25, 2.25, 6.5, 4.25], "texture": "#0"},
				"east": {"uv": [6.25, 2.25, 8, 4.25], "texture": "#0"},
				"south": {"uv": [6.25, 2.25, 6.5, 4.25], "texture": "#0"},
				"west": {"uv": [6.25, 2.25, 8, 4.25], "texture": "#0"},
				"up": {"uv": [6.25, 2.25, 6.5, 4.25], "texture": "#0"},
				"down": {"uv": [6.25, 2.25, 6.5, 4.25], "texture": "#0"}
			}
		},
		{
			"from": [1, 2, 17],
			"to": [15, 15, 18],
			"faces": {
				"north": {"uv": [14.25, 2, 15.75, 4], "texture": "#0"},
				"east": {"uv": [14.25, 2, 14.5, 4], "texture": "#0"},
				"south": {"uv": [14.25, 2, 15.75, 4], "texture": "#0"},
				"west": {"uv": [14.25, 2, 14.5, 4], "texture": "#0"},
				"up": {"uv": [14.25, 2, 15.75, 2.25], "texture": "#0"},
				"down": {"uv": [14.25, 3.5, 15.75, 3.75], "texture": "#0"}
			}
		},
		{
			"from": [1, 1, -1],
			"to": [15, 2, 3],
			"faces": {
				"north": {"uv": [9.75, 3.75, 12.25, 4], "texture": "#0"},
				"east": {"uv": [11.5, 3.75, 12.25, 4], "texture": "#0"},
				"south": {"uv": [9.75, 3.75, 12.25, 4], "texture": "#0"},
				"west": {"uv": [11.5, 3.75, 12.25, 4], "texture": "#0"},
				"up": {"uv": [9.75, 3.75, 12.25, 4], "texture": "#0"},
				"down": {"uv": [9.75, 3.75, 12.25, 4], "texture": "#0"}
			}
		},
		{
			"from": [-3, 9, 3],
			"to": [-1, 12, 5],
			"faces": {
				"north": {"uv": [13, 6, 13.5, 6.75], "texture": "#0"},
				"east": {"uv": [13.5, 6, 14, 6.75], "texture": "#0"},
				"south": {"uv": [13.5, 6, 14, 6.75], "texture": "#0"},
				"west": {"uv": [13.5, 6, 14, 6.75], "texture": "#0"},
				"up": {"uv": [13.5, 6, 14, 6.5], "texture": "#0"},
				"down": {"uv": [12.5, 6, 13, 6.75], "texture": "#0"}
			}
		},
		{
			"from": [17, 9, 3],
			"to": [19, 12, 5],
			"faces": {
				"north": {"uv": [10.5, 12, 11, 13], "texture": "#0"},
				"east": {"uv": [10.25, 12, 11, 13], "texture": "#0"},
				"south": {"uv": [10.25, 12, 10.5, 13], "texture": "#0"},
				"west": {"uv": [10, 12, 10.75, 13], "texture": "#0"},
				"up": {"uv": [10, 12, 10.5, 12.5], "texture": "#0"},
				"down": {"uv": [10, 12, 10.5, 12.75], "texture": "#0"}
			}
		},
		{
			"from": [16, 2, 1],
			"to": [18, 6, 3],
			"faces": {
				"north": {"uv": [13.5, 6, 14, 6.75], "texture": "#0"},
				"east": {"uv": [13.5, 6, 14, 6.75], "texture": "#0"},
				"south": {"uv": [13.5, 6, 14, 6.75], "texture": "#0"},
				"west": {"uv": [13.5, 6, 14, 6.75], "texture": "#0"},
				"up": {"uv": [13.5, 6, 14, 6.75], "texture": "#0"},
				"down": {"uv": [13.5, 6, 14, 6.75], "texture": "#0"}
			}
		},
		{
			"from": [12, 2, 0],
			"to": [17, 3, 1],
			"faces": {
				"north": {"uv": [12.5, 6.25, 14, 6.5], "texture": "#0"},
				"east": {"uv": [12.5, 6.25, 13, 6.5], "texture": "#0"},
				"south": {"uv": [12.5, 6.25, 14, 6.5], "texture": "#0"},
				"west": {"uv": [13.75, 6.25, 14, 6.5], "texture": "#0"},
				"up": {"uv": [11, 14.5, 12.5, 14.25], "texture": "#0"},
				"down": {"uv": [11, 14.25, 12.5, 14.5], "texture": "#0"}
			}
		},
		{
			"from": [0, 16, 1],
			"to": [16, 17, 2],
			"faces": {
				"north": {"uv": [10, 1.5, 12.25, 1.75], "texture": "#0"},
				"east": {"uv": [11.75, 1.5, 12, 1.75], "texture": "#0"},
				"south": {"uv": [10, 1.5, 12.25, 1.75], "texture": "#0"},
				"west": {"uv": [11.75, 1.5, 12, 1.75], "texture": "#0"},
				"up": {"uv": [10, 1.5, 12.25, 1.75], "texture": "#0"},
				"down": {"uv": [10, 1.5, 12.25, 1.75], "texture": "#0"}
			}
		},
		{
			"from": [16, 13, 2],
			"to": [17, 16, 3],
			"faces": {
				"north": {"uv": [9.5, 2, 9.75, 2.5], "texture": "#0"},
				"east": {"uv": [9.5, 2, 9.75, 2.5], "texture": "#0"},
				"south": {"uv": [9.5, 2, 9.75, 2.5], "texture": "#0"},
				"west": {"uv": [9.5, 2, 9.75, 2.5], "texture": "#0"},
				"up": {"uv": [9.5, 2, 9.75, 2.5], "texture": "#0"},
				"down": {"uv": [9.5, 2, 9.75, 2.5], "texture": "#0"}
			}
		},
		{
			"from": [-1, 13, 2],
			"to": [0, 16, 3],
			"faces": {
				"north": {"uv": [9.5, 2, 9.75, 2.5], "texture": "#0"},
				"east": {"uv": [9.5, 2, 9.75, 2.5], "texture": "#0"},
				"south": {"uv": [9.5, 2, 9.75, 2.5], "texture": "#0"},
				"west": {"uv": [9.5, 2, 9.75, 2.5], "texture": "#0"},
				"up": {"uv": [9.5, 2, 9.75, 2.5], "texture": "#0"},
				"down": {"uv": [9.5, 2, 9.75, 2.5], "texture": "#0"}
			}
		},
		{
			"from": [2, 9, 18],
			"to": [14, 13, 19],
			"faces": {
				"north": {"uv": [10.5, 14, 12.5, 14.75], "texture": "#0"},
				"east": {"uv": [12.75, 10.5, 14, 10.75], "texture": "#0"},
				"south": {"uv": [10.5, 14, 12.5, 14.75], "texture": "#0"},
				"west": {"uv": [13.25, 10.25, 13.75, 11], "texture": "#0"},
				"up": {"uv": [13.5, 10.25, 14, 10.5], "texture": "#0"},
				"down": {"uv": [12.75, 10.5, 13.75, 10.75], "texture": "#0"}
			}
		},
		{
			"from": [14, 7, 17],
			"to": [16, 11, 19],
			"faces": {
				"north": {"uv": [13, 6, 13.5, 6.75], "texture": "#0"},
				"east": {"uv": [13, 6, 13.5, 6.75], "texture": "#0"},
				"south": {"uv": [13, 6, 13.5, 6.75], "texture": "#0"},
				"west": {"uv": [13, 6, 13.5, 6.75], "texture": "#0"},
				"up": {"uv": [13.5, 6.25, 14, 6.75], "texture": "#0"},
				"down": {"uv": [12.75, 6.25, 13, 6.75], "texture": "#0"}
			}
		},
		{
			"from": [15, 5, 16],
			"to": [17, 9, 18],
			"faces": {
				"north": {"uv": [13, 6, 13.5, 6.75], "texture": "#0"},
				"east": {"uv": [13, 6, 13.5, 6.75], "texture": "#0"},
				"south": {"uv": [13, 6, 13.5, 6.75], "texture": "#0"},
				"west": {"uv": [13, 6, 13.5, 6.75], "texture": "#0"},
				"up": {"uv": [13.5, 6.25, 14, 6.75], "texture": "#0"},
				"down": {"uv": [12.5, 6.25, 13, 6.75], "texture": "#0"}
			}
		},
		{
			"from": [-1, 5, 16],
			"to": [1, 9, 18],
			"faces": {
				"north": {"uv": [13.5, 6, 14, 6.75], "texture": "#0"},
				"east": {"uv": [13.5, 6, 14, 6.75], "texture": "#0"},
				"south": {"uv": [13.5, 6, 14, 6.75], "texture": "#0"},
				"west": {"uv": [13.5, 6, 14, 6.75], "texture": "#0"},
				"up": {"uv": [13.5, 10, 14, 10.5], "texture": "#0"},
				"down": {"uv": [12.5, 6.25, 13, 6.75], "texture": "#0"}
			}
		},
		{
			"from": [-2, 4, 15],
			"to": [-1, 8, 17],
			"faces": {
				"north": {"uv": [13.25, 6.5, 13.5, 6], "texture": "#0"},
				"east": {"uv": [13.25, 6.5, 13.5, 6], "texture": "#0"},
				"south": {"uv": [13.25, 6.5, 13.5, 6], "texture": "#0"},
				"west": {"uv": [13.25, 6.5, 13.5, 6], "texture": "#0"},
				"up": {"uv": [13.5, 6.25, 14, 6], "texture": "#0"},
				"down": {"uv": [12.5, 6.5, 12.75, 6], "texture": "#0"}
			}
		},
		{
			"from": [17, 4, 15],
			"to": [18, 8, 17],
			"faces": {
				"north": {"uv": [13.5, 10, 13.75, 10.75], "texture": "#0"},
				"east": {"uv": [13.75, 6, 14, 6.75], "texture": "#0"},
				"south": {"uv": [13.75, 6, 14, 6.75], "texture": "#0"},
				"west": {"uv": [13.5, 10, 13.75, 10.75], "texture": "#0"},
				"up": {"uv": [13.75, 6, 14, 6.25], "texture": "#0"},
				"down": {"uv": [12.75, 10.5, 13.75, 10.75], "texture": "#0"}
			}
		},
		{
			"from": [0, 7, 17],
			"to": [2, 11, 19],
			"faces": {
				"north": {"uv": [11.75, 14, 12, 14.75], "texture": "#0"},
				"east": {"uv": [11.75, 14, 12, 14.75], "texture": "#0"},
				"south": {"uv": [11.75, 14, 12, 14.75], "texture": "#0"},
				"west": {"uv": [11.75, 14, 12, 14.75], "texture": "#0"},
				"up": {"uv": [11, 14, 11.5, 14.5], "texture": "#0"},
				"down": {"uv": [12, 14.25, 12.25, 14.75], "texture": "#0"}
			}
		},
		{
			"from": [-3, 9, 10],
			"to": [-2, 13, 13],
			"faces": {
				"north": {"uv": [12, 4, 12.25, 5], "texture": "#0"},
				"east": {"uv": [12, 4, 12.75, 5], "texture": "#0"},
				"south": {"uv": [12, 4, 12.25, 5], "texture": "#0"},
				"west": {"uv": [12, 4, 12.75, 5], "texture": "#0"},
				"up": {"uv": [12, 4, 12.25, 5], "texture": "#0"},
				"down": {"uv": [12, 4, 12.25, 5], "texture": "#0"}
			}
		},
		{
			"from": [-4, 7, 9],
			"to": [-2, 11, 12],
			"faces": {
				"north": {"uv": [9.5, 5, 10.25, 6.25], "texture": "#0"},
				"east": {"uv": [8, 9.5, 10, 11.25], "texture": "#0"},
				"south": {"uv": [7, 4.75, 8, 6], "texture": "#0"},
				"west": {"uv": [5.5, 9.25, 6.5, 10.5], "texture": "#0"},
				"up": {"uv": [7.75, 6, 8.5, 7.25], "texture": "#0"},
				"down": {"uv": [7.75, 6, 8.5, 7.25], "texture": "#0"}
			}
		},
		{
			"from": [-4, 11, 10],
			"to": [-3, 21, 11],
			"faces": {
				"north": {"uv": [2, 2.75, 3.25, 3.5], "texture": "#0"},
				"east": {"uv": [2, 2.75, 3.25, 3.5], "texture": "#0"},
				"south": {"uv": [2, 2.75, 3.25, 3.5], "texture": "#0"},
				"west": {"uv": [2, 2.75, 3.25, 3.5], "texture": "#0"},
				"up": {"uv": [2.5, 2, 3.75, 2.75], "texture": "#0"},
				"down": {"uv": [2, 2.75, 3.25, 3.5], "texture": "#0"}
			}
		},
		{
			"from": [-1, 2, 0],
			"to": [2, 4, 3],
			"faces": {
				"north": {"uv": [13.25, 10.25, 14, 10.75], "texture": "#0"},
				"east": {"uv": [13.25, 10.25, 14, 10.75], "texture": "#0"},
				"south": {"uv": [13.25, 10.25, 14, 10.75], "texture": "#0"},
				"west": {"uv": [13.25, 10.25, 14, 10.75], "texture": "#0"},
				"up": {"uv": [13.25, 10.25, 14, 10.75], "texture": "#0"},
				"down": {"uv": [12.5, 10.25, 13, 10.75], "texture": "#0"}
			}
		}
	],
	"display": {
		"thirdperson_righthand": {
			"rotation": [75, 31, 0],
			"translation": [-1.75, 0, 0],
			"scale": [0.3, 0.3, 0.3]
		},
		"thirdperson_lefthand": {
			"rotation": [75, 31, 0],
			"translation": [-1.75, 0, 0],
			"scale": [0.3, 0.3, 0.3]
		},
		"firstperson_righthand": {
			"scale": [0.3, 0.3, 0.3]
		},
		"firstperson_lefthand": {
			"scale": [0.3, 0.3, 0.3]
		},
		"ground": {
			"scale": [0.5, 0.5, 0.5]
		},
		"gui": {
			"rotation": [0, -180, 0],
			"scale": [0.68, 0.68, 0.68]
		},
		"head": {
			"translation": [0, 0, -0.5]
		},
		"fixed": {
			"scale": [0.68, 0.68, 0.68]
		}
	}
}