{
	"__comment": "Designed by Galingueur with Cubik Studio - https://cubik.studio",
	"textures": {
		"particle": "block/m_wall",
		"texture": "block/m_wall",
		"texture1": "block/m_wall_top"
	},
	"elements": [
		{
			"__comment": "Cube1",
			"from": [ 4, 0, 5.5 ],
			"to": [ 5, 16, 10.5 ],
			"faces": {
				"down": { "uv": [ 2, 8, 8, 9 ], "texture": "#texture1", "rotation": 90 },
				"up": { "uv": [ 2, 8, 8, 9 ], "texture": "#texture1", "rotation": 90 },
				"north": { "uv": [ 1, 0, 2, 16 ], "texture": "#texture" },
				"south": { "uv": [ 0, 0, 1, 16 ], "texture": "#texture" },
				"west": { "uv": [ 0, 0, 5, 16 ], "texture": "#texture" },
				"east": { "uv": [ 0, 0, 5, 16 ], "texture": "#texture" }
			}
		},
		{
			"__comment": "Cube1",
			"from": [ 5.5, 0, 11 ],
			"to": [ 10.5, 16, 12 ],
			"faces": {
				"down": { "uv": [ 4, 0, 5, 6 ], "texture": "#texture1" },
				"up": { "uv": [ 9, 0, 10, 6 ], "texture": "#texture1", "rotation": 90 },
				"north": { "uv": [ 11, 0, 16, 16 ], "texture": "#texture" },
				"south": { "uv": [ 11, 0, 16, 16 ], "texture": "#texture" },
				"west": { "uv": [ 0, 0, 4, 16 ], "texture": "#texture" },
				"east": { "uv": [ 0, 0, 4, 16 ], "texture": "#texture" }
			}
		},
		{
			"__comment": "Cube1",
			"from": [ 5, 0, 6 ],
			"to": [ 11, 16, 8 ],
			"faces": {
				"down": { "uv": [ 4, 0, 7, 6 ], "texture": "#texture1" },
				"up": { "uv": [ 9, 0, 16, 2 ], "texture": "#texture1" },
				"north": { "uv": [ 11, 0, 16, 16 ], "texture": "#texture" },
				"south": { "uv": [ 11, 0, 16, 16 ], "texture": "#texture" },
				"west": { "uv": [ 0, 0, 2, 16 ], "texture": "#texture" },
				"east": { "uv": [ 0, 0, 2, 16 ], "texture": "#texture" }
			}
		},
		{
			"__comment": "Cube1",
			"from": [ 5.5, 0, 4 ],
			"to": [ 10.5, 16, 5 ],
			"faces": {
				"down": { "uv": [ 4, 0, 5, 6.5 ], "texture": "#texture1" },
				"up": { "uv": [ 9, 0, 10, 6 ], "texture": "#texture1", "rotation": 90 },
				"north": { "uv": [ 11, 0, 16, 16 ], "texture": "#texture" },
				"south": { "uv": [ 11, 0, 16, 16 ], "texture": "#texture" },
				"west": { "uv": [ 0, 0, 4, 16 ], "texture": "#texture" },
				"east": { "uv": [ 0, 0, 4, 16 ], "texture": "#texture" }
			}
		},
		{
			"__comment": "Cube1",
			"from": [ 5, 0, 5 ],
			"to": [ 11, 16, 11 ],
			"faces": {
				"down": { "uv": [ 4, 0, 9, 5 ], "texture": "#texture1" },
				"up": { "uv": [ 4, 0, 9, 5 ], "texture": "#texture1" },
				"north": { "uv": [ 5.5, 0, 11.5, 16 ], "texture": "#texture" },
				"south": { "uv": [ 0, 0, 6, 16 ], "texture": "#texture" },
				"west": { "uv": [ 5, 0, 11, 16 ], "texture": "#texture" },
				"east": { "uv": [ 10, 0, 16, 16 ], "texture": "#texture" }
			}
		},
		{
			"__comment": "Cube1",
			"from": [ 5, 16, 5 ],
			"to": [ 11, 17, 11 ],
			"faces": {
				"down": { "uv": [ 3, 9, 9, 15 ], "texture": "#texture1" },
				"up": { "uv": [ 2, 8, 10, 16 ], "texture": "#texture1" },
				"north": { "uv": [ 0, 15, 5.5, 16 ], "texture": "#texture" },
				"south": { "uv": [ 0, 15, 5.5, 16 ], "texture": "#texture" },
				"west": { "uv": [ 0, 15, 5.5, 16 ], "texture": "#texture" },
				"east": { "uv": [ 0, 15, 5.5, 16 ], "texture": "#texture" }
			}
		},
		{
			"__comment": "Cube1",
			"from": [ 5.5, 16, 11 ],
			"to": [ 10.5, 16.5, 12 ],
			"faces": {
				"down": { "uv": [ 2, 8, 8, 9 ], "texture": "#texture1", "rotation": 90 },
				"up": { "uv": [ 4, 0, 9, 1 ], "texture": "#texture1", "rotation": 90 },
				"north": { "uv": [ 0, 15, 5.5, 16 ], "texture": "#texture" },
				"south": { "uv": [ 0, 15, 5.5, 16 ], "texture": "#texture" },
				"west": { "uv": [ 0, 15, 1, 16 ], "texture": "#texture" },
				"east": { "uv": [ 0, 15, 1, 16 ], "texture": "#texture" }
			}
		},
		{
			"__comment": "Cube1",
			"from": [ 11, 16, 5.5 ],
			"to": [ 12, 16.5, 10.5 ],
			"faces": {
				"down": { "uv": [ 2, 8, 8, 9 ], "texture": "#texture1", "rotation": 90 },
				"up": { "uv": [ 3, 7, 9, 8 ], "texture": "#texture1", "rotation": 90 },
				"north": { "uv": [ 5, 15, 6, 16 ], "texture": "#texture" },
				"south": { "uv": [ 5, 15, 6, 16 ], "texture": "#texture" },
				"west": { "uv": [ 5.5, 15, 11, 16 ], "texture": "#texture" },
				"east": { "uv": [ 10.5, 15, 16, 16 ], "texture": "#texture" }
			}
		},
		{
			"__comment": "Cube1",
			"from": [ 11, 0, 5.5 ],
			"to": [ 12, 16, 10.5 ],
			"faces": {
				"down": { "uv": [ 2, 8, 8, 9 ], "texture": "#texture1", "rotation": 90 },
				"up": { "uv": [ 2, 8, 8, 9 ], "texture": "#texture1", "rotation": 90 },
				"north": { "uv": [ 1, 0, 2, 16 ], "texture": "#texture" },
				"south": { "uv": [ 0, 0, 1, 16 ], "texture": "#texture" },
				"west": { "uv": [ 0, 0, 5, 16 ], "texture": "#texture" },
				"east": { "uv": [ 0, 0, 5, 16 ], "texture": "#texture" }
			}
		},
		{
			"__comment": "Cube1",
			"from": [ 4, 16, 5.5 ],
			"to": [ 5, 16.5, 10.5 ],
			"faces": {
				"down": { "uv": [ 2, 8, 8, 9 ], "texture": "#texture1", "rotation": 90 },
				"up": { "uv": [ 3, 7, 9, 8 ], "texture": "#texture1", "rotation": 90 },
				"north": { "uv": [ 5, 15, 6, 16 ], "texture": "#texture" },
				"south": { "uv": [ 5, 15, 6, 16 ], "texture": "#texture" },
				"west": { "uv": [ 5.5, 15, 11, 16 ], "texture": "#texture" },
				"east": { "uv": [ 10.5, 15, 16, 16 ], "texture": "#texture" }
			}
		},
		{
			"__comment": "Cube1",
			"from": [ 5.5, 16, 4 ],
			"to": [ 10.5, 16.5, 5 ],
			"faces": {
				"down": { "uv": [ 2, 8, 8, 9 ], "texture": "#texture1", "rotation": 90 },
				"up": { "uv": [ 4, 0, 9, 1 ], "texture": "#texture1", "rotation": 90 },
				"north": { "uv": [ 0, 15, 5.5, 16 ], "texture": "#texture" },
				"south": { "uv": [ 0, 15, 5.5, 16 ], "texture": "#texture" },
				"west": { "uv": [ 0, 15, 1, 16 ], "texture": "#texture" },
				"east": { "uv": [ 0, 15, 1, 16 ], "texture": "#texture" }
			}
		}
	]
}