{
    "parent": "block/block",
    "textures": {
        "particle": "block/shulker_blue_box_top",
        "down": "block/shulker_blue_box_bottom",
        "up": "block/shulker_blue_box_top",
        "north": "block/shulker_blue_box_side2",
        "east": "block/shulker_blue_box_side1",
        "south": "block/shulker_blue_box_side2",
        "west": "block/shulker_blue_box_side1"
    },
    "elements": [
        {   "from": [ 0, 0, 0 ],
            "to": [ 16, 16, 16 ],
            "faces": {
                "down":  { "texture": "#down", "cullface": "down" },
                "up":    { "texture": "#up", "cullface": "up" },
                "north": { "texture": "#north", "cullface": "north" },
                "south": { "uv": [16, 0, 0, 16], "texture": "#south", "cullface": "south" },
                "west":  { "texture": "#west", "cullface": "west" },
                "east":  { "uv": [16, 0, 0, 16], "texture": "#east", "cullface": "east" }
            }
        }
    ]
}