{
	"__comment": "Designed by Galingueur with Cubik Studio - https://cubik.studio",
	"parent": "block/block/",
	"textures": {
		"particle": "block/enchanting_table_bottom",
		"bottom": "block/enchanting_table_bottom",
		"top": "block/enchanting_table_top",
		"side": "block/m_enchant_table_sides",
		"ext_up": "block/m_enchant_table_extension_up",
		"ext_faces": "block/m_enchant_table_extension",
		"ext_sides": "block/m_enchant_table_extension_sides"
	},
	"elements": [
		{
			"from": [ 0.5, 0.5, 3 ],
			"to": [ 7.5, 12.5, 13 ],
			"rotation": { "origin": [ 0.5, 0.5, 3 ], "axis": "z", "angle": 22.5 },
			"faces": {
				"up": { "uv": [ 1, 11, 9, 16 ], "texture": "#ext_up", "cullface": "west", "rotation": 270 },
				"north": { "uv": [ 0, 6, 6, 15 ], "texture": "#ext_sides", "cullface": "west" },
				"south": { "uv": [ 10, 6, 16, 15 ], "texture": "#ext_sides", "cullface": "west" },
				"west": { "uv": [ 3, 4, 13, 16 ], "texture": "#ext_faces", "cullface": "west" }
			}
		},
		{
			"from": [ 0, 0, 0 ],
			"to": [ 16, 16, 16 ],
			"faces": {
				"down": { "uv": [ 0, 0, 16, 16 ], "texture": "#bottom", "cullface": "down" },
				"up": { "uv": [ 0, 0, 16, 16 ], "texture": "#top", "cullface": "up" },
				"north": { "uv": [ 0, 0, 16, 16 ], "texture": "#side", "cullface": "north" },
				"south": { "uv": [ 0, 0, 16, 16 ], "texture": "#side", "cullface": "south" },
				"west": { "uv": [ 0, 0, 16, 16 ], "texture": "#side", "cullface": "west" },
				"east": { "uv": [ 0, 0, 16, 16 ], "texture": "#side", "cullface": "east" }
			}
		},
		{
			"from": [ 3, 3, 9 ],
			"to": [ 13, 15, 16 ],
			"rotation": { "origin": [ 3, 3, 9 ], "axis": "x", "angle": 22.5 },
			"shade": false,
			"faces": {
				"up": { "uv": [ 1, 10, 9, 15 ], "texture": "#ext_up", "cullface": "south" },
				"south": { "uv": [ 3, 4, 13, 16 ], "texture": "#ext_faces", "cullface": "south" },
				"west": { "uv": [ 0, 6, 6, 15 ], "texture": "#ext_sides", "cullface": "south" },
				"east": { "uv": [ 10, 6, 16, 15 ], "texture": "#ext_sides", "cullface": "south" }
			}
		},
		{
			"from": [ 9, 3, 3 ],
			"to": [ 16, 15, 13 ],
			"rotation": { "origin": [ 9, 3, 3 ], "axis": "z", "angle": -22.5 },
			"faces": {
				"up": { "uv": [ 1, 10, 9, 15 ], "texture": "#ext_up", "cullface": "east", "rotation": 270 },
				"north": { "uv": [ 10, 6, 16, 15 ], "texture": "#ext_sides", "cullface": "east" },
				"south": { "uv": [ 0, 6, 6, 15 ], "texture": "#ext_sides", "cullface": "east" },
				"east": { "uv": [ 3, 4, 13, 16 ], "texture": "#ext_faces", "cullface": "east" }
			}
		},
		{
			"from": [ 9, 3, 3 ],
			"to": [ 16, 15, 13 ],
			"rotation": { "origin": [ 9, 3, 3 ], "axis": "z", "angle": -22.5 },
			"faces": {
				"up": { "uv": [ 1, 10, 9, 15 ], "texture": "#ext_up", "cullface": "east", "rotation": 270 },
				"north": { "uv": [ 10, 6, 16, 16 ], "texture": "#ext_sides", "cullface": "east" },
				"south": { "uv": [ 0, 6, 6, 16 ], "texture": "#ext_sides", "cullface": "east" },
				"east": { "uv": [ 3, 4, 13, 16 ], "texture": "#ext_faces", "cullface": "east" }
			}
		},
		{
			"from": [ 3, 0.5, 0.5 ],
			"to": [ 13, 12.5, 7.5 ],
			"rotation": { "origin": [ 3, 0.5, 0.5 ], "axis": "x", "angle": -22.5 },
			"faces": {
				"up": { "uv": [ 1, 11, 9, 16 ], "texture": "#ext_up", "cullface": "north" },
				"north": { "uv": [ 3, 4, 13, 16 ], "texture": "#ext_faces", "cullface": "north" },
				"west": { "uv": [ 10, 6, 16, 15 ], "texture": "#ext_sides", "cullface": "north" },
				"east": { "uv": [ 0, 6, 6, 15 ], "texture": "#ext_sides", "cullface": "north" }
			}
		},
		{
			"__comment": "PlaneY3",
			"from": [ 9.5, 14, 16.5 ],
			"to": [ 12.5, 14.001, 18 ],
			"rotation": { "origin": [ 9.5, 14, 16.5 ], "axis": "x", "angle": 22.5 },
			"faces": {
				"down": { "uv": [ 16, 3, 16, 13 ], "texture": "#ext_up", "cullface": "south" },
				"up": { "uv": [ 10, 6, 11, 9 ], "texture": "#ext_up", "cullface": "south", "rotation": 180 }
			}
		},
		{
			"__comment": "PlaneY3",
			"from": [ 3.5, 13, 19 ],
			"to": [ 7, 13.001, 20 ],
			"rotation": { "origin": [ 3.5, 13, 19 ], "axis": "x", "angle": 22.5 },
			"faces": {
				"down": { "uv": [ 16, 3, 16, 13 ], "texture": "#ext_up", "cullface": "south" },
				"up": { "uv": [ 10, 7, 11, 9 ], "texture": "#ext_up", "cullface": "south", "rotation": 180 }
			}
		},
		{
			"__comment": "PlaneY3",
			"from": [ 9.5, 13, 19.5 ],
			"to": [ 12, 13.001, 20 ],
			"rotation": { "origin": [ 9.5, 13, 19.5 ], "axis": "x", "angle": 22.5 },
			"faces": {
				"down": { "uv": [ 16, 3, 16, 13 ], "texture": "#ext_up", "cullface": "south" },
				"up": { "uv": [ 10, 7, 11, 8 ], "texture": "#ext_up", "cullface": "south", "rotation": 180 }
			}
		},
		{
			"__comment": "PlaneY3",
			"from": [ 3.5, 13.5, 17.5 ],
			"to": [ 7, 13.501, 18.5 ],
			"rotation": { "origin": [ 3.5, 13.5, 17.5 ], "axis": "x", "angle": 22.5 },
			"faces": {
				"down": { "uv": [ 16, 3, 16, 13 ], "texture": "#ext_up", "cullface": "south" },
				"up": { "uv": [ 10, 7, 11, 9 ], "texture": "#ext_up", "cullface": "south", "rotation": 180 }
			}
		},
		{
			"__comment": "PlaneY3",
			"from": [ 3.5, 14, 16.5 ],
			"to": [ 7, 14.001, 17 ],
			"rotation": { "origin": [ 3.5, 14, 16.5 ], "axis": "x", "angle": 22.5 },
			"faces": {
				"down": { "uv": [ 16, 3, 16, 13 ], "texture": "#ext_up", "cullface": "south" },
				"up": { "uv": [ 10, 7, 11, 8 ], "texture": "#ext_up", "cullface": "south", "rotation": 180 }
			}
		},
		{
			"__comment": "PlaneY3",
			"from": [ 7, 13, 18.5 ],
			"to": [ 9.5, 13.001, 19 ],
			"rotation": { "origin": [ 7, 13, 18.5 ], "axis": "x", "angle": 22.5 },
			"faces": {
				"down": { "uv": [ 16, 3, 16, 13 ], "texture": "#ext_up", "cullface": "south" },
				"up": { "uv": [ 10, 7, 11, 8 ], "texture": "#ext_up", "cullface": "south", "rotation": 180 }
			}
		},
		{
			"__comment": "PlaneY3",
			"from": [ -1.5, 14, 6 ],
			"to": [ 0, 14.001, 8 ],
			"rotation": { "origin": [ -1.5, 14, 6 ], "axis": "z", "angle": 22.5 },
			"faces": {
				"down": { "uv": [ 16, 3, 16, 13 ], "texture": "#ext_up", "cullface": "west" },
				"up": { "uv": [ 3, 1, 5, 2 ], "texture": "#ext_up", "cullface": "west", "rotation": 90 }
			}
		},
		{
			"__comment": "PlaneY3",
			"from": [ -1.5, 14, 11 ],
			"to": [ -0.5, 14.001, 12 ],
			"rotation": { "origin": [ -1.5, 14, 11 ], "axis": "z", "angle": 22.5 },
			"faces": {
				"down": { "uv": [ 16, 3, 16, 13 ], "texture": "#ext_up", "cullface": "west" },
				"up": { "uv": [ 6, 1, 7, 2 ], "texture": "#ext_up", "cullface": "west", "rotation": 90 }
			}
		},
		{
			"__comment": "PlaneY3",
			"from": [ -4, 13, 9 ],
			"to": [ -3, 13.001, 9.5 ],
			"rotation": { "origin": [ -4, 13, 9 ], "axis": "z", "angle": 22.5 },
			"faces": {
				"down": { "uv": [ 16, 3, 16, 13 ], "texture": "#ext_up", "cullface": "west" },
				"up": { "uv": [ 7, 3, 8, 4 ], "texture": "#ext_up", "cullface": "west", "rotation": 90 }
			}
		},
		{
			"__comment": "PlaneY3",
			"from": [ -1.5, 14, 9 ],
			"to": [ -0.5, 14.001, 10 ],
			"rotation": { "origin": [ -1.5, 14, 9 ], "axis": "z", "angle": 22.5 },
			"faces": {
				"down": { "uv": [ 16, 3, 16, 13 ], "texture": "#ext_up", "cullface": "west" },
				"up": { "uv": [ 6, 1, 7, 2 ], "texture": "#ext_up", "cullface": "west", "rotation": 90 }
			}
		},
		{
			"__comment": "PlaneY3",
			"from": [ -1.5, 14, 4 ],
			"to": [ -0.5, 14.001, 5 ],
			"rotation": { "origin": [ -1.5, 14, 4 ], "axis": "z", "angle": 22.5 },
			"faces": {
				"down": { "uv": [ 16, 3, 16, 13 ], "texture": "#ext_up", "cullface": "west" },
				"up": { "uv": [ 1, 1, 2, 2 ], "texture": "#ext_up", "cullface": "west", "rotation": 90 }
			}
		},
		{
			"__comment": "PlaneY3",
			"from": [ -3.5, 13, 4 ],
			"to": [ -3, 13.001, 8 ],
			"rotation": { "origin": [ -3.5, 13, 4 ], "axis": "z", "angle": 22.5 },
			"faces": {
				"down": { "uv": [ 16, 3, 16, 13 ], "texture": "#ext_up", "cullface": "west" },
				"up": { "uv": [ 1, 3, 5, 4 ], "texture": "#ext_up", "cullface": "west", "rotation": 90 }
			}
		},
		{
			"__comment": "PlaneY3",
			"from": [ -4, 13, 10 ],
			"to": [ -2, 13.001, 10.5 ],
			"rotation": { "origin": [ -4, 13, 10 ], "axis": "z", "angle": 22.5 },
			"faces": {
				"down": { "uv": [ 16, 3, 16, 13 ], "texture": "#ext_up", "cullface": "west" },
				"up": { "uv": [ 7, 3, 8, 5 ], "texture": "#ext_up", "cullface": "west", "rotation": 90 }
			}
		},
		{
			"__comment": "PlaneY3",
			"from": [ 5.5, 13, -4 ],
			"to": [ 8, 13.001, -2 ],
			"rotation": { "origin": [ 5.5, 13, -4 ], "axis": "x", "angle": -22.5 },
			"faces": {
				"down": { "uv": [ 16, 3, 16, 13 ], "texture": "#ext_up", "cullface": "north" },
				"up": { "uv": [ 1, 3, 4, 4 ], "texture": "#ext_up", "cullface": "north", "rotation": 90 }
			}
		},
		{
			"__comment": "PlaneY3",
			"from": [ 5.5, 14, -1.5 ],
			"to": [ 8, 14.001, -1 ],
			"rotation": { "origin": [ 5.5, 14, -1.5 ], "axis": "x", "angle": -22.5 },
			"faces": {
				"down": { "uv": [ 16, 3, 16, 13 ], "texture": "#ext_up", "cullface": "north" },
				"up": { "uv": [ 6, 4, 7, 5 ], "texture": "#ext_up", "cullface": "north", "rotation": 90 }
			}
		},
		{
			"__comment": "PlaneY3",
			"from": [ 10, 14, -1.5 ],
			"to": [ 12.5, 14.001, -1 ],
			"rotation": { "origin": [ 10, 14, -1.5 ], "axis": "x", "angle": -22.5 },
			"faces": {
				"down": { "uv": [ 16, 3, 16, 13 ], "texture": "#ext_up", "cullface": "north" },
				"up": { "uv": [ 7, 4, 8, 5 ], "texture": "#ext_up", "cullface": "north", "rotation": 90 }
			}
		},
		{
			"__comment": "PlaneY3",
			"from": [ 10, 14.5, -0.5 ],
			"to": [ 12.5, 14.501, 0 ],
			"rotation": { "origin": [ 10, 14.5, -0.5 ], "axis": "x", "angle": -22.5 },
			"faces": {
				"down": { "uv": [ 16, 3, 16, 13 ], "texture": "#ext_up", "cullface": "north" },
				"up": { "uv": [ 7, 4, 8, 5 ], "texture": "#ext_up", "cullface": "north", "rotation": 90 }
			}
		},
		{
			"__comment": "PlaneY3",
			"from": [ 10, 13.5, -3 ],
			"to": [ 12.5, 13.501, -2 ],
			"rotation": { "origin": [ 10, 13.5, -3 ], "axis": "x", "angle": -22.5 },
			"faces": {
				"down": { "uv": [ 16, 3, 16, 13 ], "texture": "#ext_up", "cullface": "north" },
				"up": { "uv": [ 6, 4, 8, 5 ], "texture": "#ext_up", "cullface": "north", "rotation": 90 }
			}
		},
		{
			"__comment": "PlaneY3",
			"from": [ 10, 13, -4 ],
			"to": [ 12.5, 13.001, -3.5 ],
			"rotation": { "origin": [ 10, 13, -4 ], "axis": "x", "angle": -22.5 },
			"faces": {
				"down": { "uv": [ 16, 3, 16, 13 ], "texture": "#ext_up", "cullface": "north" },
				"up": { "uv": [ 2, 3, 5, 4 ], "texture": "#ext_up", "cullface": "north", "rotation": 90 }
			}
		},
		{
			"__comment": "PlaneY3",
			"from": [ 3, 14, -1.5 ],
			"to": [ 5.5, 14.001, -0.5 ],
			"rotation": { "origin": [ 3, 14, -1.5 ], "axis": "x", "angle": -22.5 },
			"faces": {
				"down": { "uv": [ 16, 3, 16, 13 ], "texture": "#ext_up", "cullface": "north" },
				"up": { "uv": [ 6, 4, 8, 5 ], "texture": "#ext_up", "cullface": "north", "rotation": 90 }
			}
		},
		{
			"__comment": "PlaneY3",
			"from": [ -2.5, 13.5, 4 ],
			"to": [ -2, 13.501, 8 ],
			"rotation": { "origin": [ -2.5, 13.5, 4 ], "axis": "z", "angle": 22.5 },
			"faces": {
				"down": { "uv": [ 16, 3, 16, 13 ], "texture": "#ext_up", "cullface": "west" },
				"up": { "uv": [ 1, 3, 5, 4 ], "texture": "#ext_up", "cullface": "west", "rotation": 90 }
			}
		},
		{
			"__comment": "PlaneY3",
			"from": [ 16.5, 14.5, 9.5 ],
			"to": [ 17.5, 14.501, 12 ],
			"rotation": { "origin": [ 16.5, 14.5, 9.5 ], "axis": "z", "angle": -22.5 },
			"faces": {
				"down": { "uv": [ 16, 3, 16, 13 ], "texture": "#ext_up", "cullface": "east" },
				"up": { "uv": [ 10, 6, 11, 9 ], "texture": "#ext_up", "cullface": "east", "rotation": 180 }
			}
		},
		{
			"__comment": "PlaneY3",
			"from": [ 16.5, 14.5, 3.5 ],
			"to": [ 17.5, 14.501, 4.5 ],
			"rotation": { "origin": [ 16.5, 14.5, 3.5 ], "axis": "z", "angle": -22.5 },
			"faces": {
				"down": { "uv": [ 16, 3, 16, 13 ], "texture": "#ext_up", "cullface": "east" },
				"up": { "uv": [ 10, 6, 11, 7 ], "texture": "#ext_up", "cullface": "east", "rotation": 180 }
			}
		},
		{
			"__comment": "PlaneY3",
			"from": [ 18, 14, 4.5 ],
			"to": [ 20, 14.001, 7 ],
			"rotation": { "origin": [ 18, 14, 4.5 ], "axis": "z", "angle": -22.5 },
			"faces": {
				"down": { "uv": [ 16, 3, 16, 13 ], "texture": "#ext_up", "cullface": "east" },
				"up": { "uv": [ 10, 6, 11, 9 ], "texture": "#ext_up", "cullface": "east", "rotation": 180 }
			}
		},
		{
			"__comment": "PlaneY3",
			"from": [ 17.5, 14, 8.5 ],
			"to": [ 18, 14.001, 10.5 ],
			"rotation": { "origin": [ 17.5, 14, 8.5 ], "axis": "z", "angle": -22.5 },
			"faces": {
				"down": { "uv": [ 16, 3, 16, 13 ], "texture": "#ext_up", "cullface": "east" },
				"up": { "uv": [ 10, 7, 11, 8 ], "texture": "#ext_up", "cullface": "east", "rotation": 180 }
			}
		},
		{
			"__comment": "PlaneY3",
			"from": [ 16.5, 14.5, 5.5 ],
			"to": [ 17.5, 14.501, 8 ],
			"rotation": { "origin": [ 16.5, 14.5, 5.5 ], "axis": "z", "angle": -22.5 },
			"faces": {
				"down": { "uv": [ 16, 3, 16, 13 ], "texture": "#ext_up", "cullface": "east" },
				"up": { "uv": [ 12, 5, 13, 7 ], "texture": "#ext_up", "cullface": "east", "rotation": 180 }
			}
		},
		{
			"__comment": "PlaneY3",
			"from": [ 18.5, 13.5, 8.5 ],
			"to": [ 19, 13.501, 12 ],
			"rotation": { "origin": [ 18.5, 13.5, 8.5 ], "axis": "z", "angle": -22.5 },
			"faces": {
				"down": { "uv": [ 16, 3, 16, 13 ], "texture": "#ext_up", "cullface": "east" },
				"up": { "uv": [ 10, 6, 11, 7 ], "texture": "#ext_up", "cullface": "east", "rotation": 180 }
			}
		}
	]
}