{
	"__comment": "Designed by Galingueur with Cubik Studio - https://cubik.studio",
	"textures": {
		"particle": "block/m_folder",
		"texture": "block/m_book",
		"texture1": "block/m_book_01"
	},
	"elements": [
		{
			"__comment": "Cube1",
			"from": [ 3.5, 2, 3.5 ],
			"to": [ 9.5, 4, 4 ],
			"faces": {
				"down": { "uv": [ 0, 0, 1, 8 ], "texture": "#texture", "cullface": "down" },
				"up": { "uv": [ 0, 0, 1, 8 ], "texture": "#texture", "rotation": 90 },
				"north": { "uv": [ 8, 0, 6, 8 ], "texture": "#texture", "rotation": 270 },
				"south": { "uv": [ 2, 5, 12.5, 5.5 ], "texture": "#texture" },
				"west": { "uv": [ 4, 5.5, 5, 7 ], "texture": "#texture" },
				"east": { "uv": [ 3.5, 5.5, 4.5, 7.5 ], "texture": "#texture" }
			}
		},
		{
			"__comment": "Cube1",
			"from": [ 3.5, 2.5, 4 ],
			"to": [ 9.5, 3.5, 7.5 ],
			"faces": {
				"north": { "uv": [ 14, 0, 16, 8 ], "texture": "#texture", "rotation": 90 },
				"south": { "uv": [ 14, 0, 16, 8 ], "texture": "#texture", "rotation": 90 },
				"west": { "uv": [ 14, 0, 16, 8 ], "texture": "#texture", "rotation": 90 },
				"east": { "uv": [ 14, 0, 16, 6.5 ], "texture": "#texture", "rotation": 90 }
			}
		},
		{
			"__comment": "Cube1",
			"from": [ 7, 0, 10.5 ],
			"to": [ 13, 0.5, 14.5 ],
			"rotation": { "origin": [ 7, 0, 10.5 ], "axis": "y", "angle": 22.5 },
			"faces": {
				"down": { "uv": [ 8, 8, 14, 16 ], "texture": "#texture1", "cullface": "down" },
				"up": { "uv": [ 8, 8, 14, 16 ], "texture": "#texture1" },
				"north": { "uv": [ 1.5, 13, 7, 14 ], "texture": "#texture1" },
				"south": { "uv": [ 1.5, 14, 7, 13 ], "texture": "#texture1" },
				"west": { "uv": [ 2, 13, 7, 14 ], "texture": "#texture1" },
				"east": { "uv": [ 2, 13, 7, 14 ], "texture": "#texture1" }
			}
		},
		{
			"__comment": "Cube1",
			"from": [ 3.5, 2, 4 ],
			"to": [ 9.5, 2.5, 8 ],
			"faces": {
				"down": { "uv": [ 8, 0, 14, 8 ], "texture": "#texture", "cullface": "down", "rotation": 270 },
				"up": { "uv": [ 8, 0, 14, 8.5 ], "texture": "#texture", "rotation": 90 },
				"north": { "uv": [ 4, 7.5, 5, 6.5 ], "texture": "#texture", "rotation": 270 },
				"south": { "uv": [ 5, 6.5, 4, 5.5 ], "texture": "#texture", "rotation": 90 },
				"west": { "uv": [ 4, 5.5, 5, 6.5 ], "texture": "#texture" },
				"east": { "uv": [ 4, 6, 3, 7 ], "texture": "#texture" }
			}
		},
		{
			"__comment": "Cube1",
			"from": [ 7, 1.5, 10.5 ],
			"to": [ 13, 2, 14.5 ],
			"rotation": { "origin": [ 7, 1.5, 10.5 ], "axis": "y", "angle": 22.5 },
			"faces": {
				"down": { "uv": [ 1, 15, 2, 16 ], "texture": "#texture1", "cullface": "down", "rotation": 270 },
				"up": { "uv": [ 1, 8, 6, 16 ], "texture": "#texture1", "rotation": 90 },
				"north": { "uv": [ 1, 16, 2, 15 ], "texture": "#texture1", "rotation": 270 },
				"south": { "uv": [ 2, 16, 1, 15 ], "texture": "#texture1", "rotation": 90 },
				"west": { "uv": [ 1, 14, 2, 15 ], "texture": "#texture1" },
				"east": { "uv": [ 2, 16, 1, 16 ], "texture": "#texture1" }
			}
		},
		{
			"__comment": "Cube1",
			"from": [ 6.8125, 0, 10.0625 ],
			"to": [ 12.8125, 2, 10.5625 ],
			"rotation": { "origin": [ 6.8125, 0, 10.0625 ], "axis": "y", "angle": 22.5 },
			"faces": {
				"down": { "uv": [ 0, 8, 1, 16 ], "texture": "#texture1", "cullface": "down" },
				"up": { "uv": [ 0, 8, 1, 16 ], "texture": "#texture1", "rotation": 90 },
				"north": { "uv": [ 8, 8, 6, 16 ], "texture": "#texture1", "rotation": 270 },
				"south": { "uv": [ 1.5, 13, 7, 14 ], "texture": "#texture1" },
				"west": { "uv": [ 2, 13, 3, 14.5 ], "texture": "#texture1" },
				"east": { "uv": [ 2, 13, 3, 15 ], "texture": "#texture1" }
			}
		},
		{
			"__comment": "Cube1",
			"from": [ 7, 0.5, 10.5 ],
			"to": [ 13, 1.5, 14 ],
			"rotation": { "origin": [ 7, 0.5, 10.5 ], "axis": "y", "angle": 22.5 },
			"faces": {
				"north": { "uv": [ 14, 0, 16, 8 ], "texture": "#texture", "rotation": 90 },
				"south": { "uv": [ 14, 0, 16, 8 ], "texture": "#texture", "rotation": 90 },
				"west": { "uv": [ 14, 0, 16, 8 ], "texture": "#texture", "rotation": 90 },
				"east": { "uv": [ 14, 0, 16, 6.5 ], "texture": "#texture", "rotation": 90 }
			}
		},
		{
			"__comment": "Cube1",
			"from": [ 3.5, 3.5, 4 ],
			"to": [ 9.5, 4, 8 ],
			"faces": {
				"down": { "uv": [ 4.5, 6.5, 5.5, 7.5 ], "texture": "#texture", "cullface": "down", "rotation": 270 },
				"up": { "uv": [ 1, 0, 6, 8 ], "texture": "#texture", "rotation": 90 },
				"north": { "uv": [ 4, 7.5, 5, 6.5 ], "texture": "#texture", "rotation": 270 },
				"south": { "uv": [ 5, 6.5, 4, 5.5 ], "texture": "#texture", "rotation": 90 },
				"west": { "uv": [ 4, 5.5, 5, 6.5 ], "texture": "#texture" },
				"east": { "uv": [ 4, 6, 3, 7 ], "texture": "#texture" }
			}
		},
		{
			"__comment": "Cube1",
			"from": [ 3, 0, 3.5 ],
			"to": [ 9, 0.5, 7.5 ],
			"faces": {
				"down": { "uv": [ 8, 8, 14, 16 ], "texture": "#texture", "cullface": "down" },
				"up": { "uv": [ 8, 8, 14, 16 ], "texture": "#texture" },
				"north": { "uv": [ 1.5, 12.5, 7, 13.5 ], "texture": "#texture" },
				"south": { "uv": [ 1.5, 13, 7, 12 ], "texture": "#texture" },
				"west": { "uv": [ 2, 12, 7, 13 ], "texture": "#texture" },
				"east": { "uv": [ 2, 13, 7, 14 ], "texture": "#texture" }
			}
		},
		{
			"__comment": "Cube1",
			"from": [ 3, 0.5, 3.5 ],
			"to": [ 9, 1.5, 7 ],
			"faces": {
				"north": { "uv": [ 14, 0, 16, 8 ], "texture": "#texture", "rotation": 90 },
				"south": { "uv": [ 14, 0, 16, 8 ], "texture": "#texture", "rotation": 90 },
				"west": { "uv": [ 14, 0, 16, 8 ], "texture": "#texture", "rotation": 90 },
				"east": { "uv": [ 14, 0, 16, 6.5 ], "texture": "#texture", "rotation": 90 }
			}
		},
		{
			"__comment": "Cube1",
			"from": [ 3, 0, 3 ],
			"to": [ 9, 2, 3.5 ],
			"faces": {
				"down": { "uv": [ 0, 8, 1, 16 ], "texture": "#texture", "cullface": "down" },
				"up": { "uv": [ 0, 8, 1, 16 ], "texture": "#texture", "rotation": 90 },
				"north": { "uv": [ 8, 8, 6, 16 ], "texture": "#texture", "rotation": 270 },
				"south": { "uv": [ 1.5, 13, 12, 13.5 ], "texture": "#texture" },
				"west": { "uv": [ 2, 12.5, 3, 14 ], "texture": "#texture" },
				"east": { "uv": [ 2, 13, 3, 15 ], "texture": "#texture" }
			}
		},
		{
			"__comment": "Cube1",
			"from": [ 3, 1.5, 3.5 ],
			"to": [ 9, 2, 7.5 ],
			"faces": {
				"down": { "uv": [ 1, 15, 2, 16 ], "texture": "#texture", "cullface": "down", "rotation": 270 },
				"up": { "uv": [ 1, 8, 6, 16 ], "texture": "#texture", "rotation": 90 },
				"north": { "uv": [ 1, 16, 2, 15 ], "texture": "#texture", "rotation": 270 },
				"south": { "uv": [ 2, 16, 1, 15 ], "texture": "#texture", "rotation": 90 },
				"west": { "uv": [ 1, 14, 2, 15 ], "texture": "#texture" },
				"east": { "uv": [ 2, 16, 1, 16 ], "texture": "#texture" }
			}
		}
	]
}