{
	"__comment": "Designed by Galingueur with Cubik Studio - https://cubik.studio",
	"textures": {
		"particle": "block/m_folder",
		"texture": "block/m_folder",
		"texture1": "block/m_folder_red"
	},
	"elements": [
		{
			"__comment": "Cube1",
			"from": [ 4.5, 5.5, 1.5 ],
			"to": [ 15, 6, 11.5 ],
			"rotation": { "origin": [ 4.5, 5.5, 1.5 ], "axis": "y", "angle": -22.5 },
			"faces": {
				"down": { "uv": [ 1, 5, 11.5, 15 ], "texture": "#texture1" },
				"up": { "uv": [ 1, 5, 11.5, 15 ], "texture": "#texture1" },
				"north": { "uv": [ 1.5, 12.5, 12, 13 ], "texture": "#texture1" },
				"south": { "uv": [ 1.5, 13, 12, 13.5 ], "texture": "#texture1" },
				"west": { "uv": [ 2, 12.5, 12, 13 ], "texture": "#texture1" },
				"east": { "uv": [ 2, 13, 12, 13.5 ], "texture": "#texture1" }
			}
		},
		{
			"__comment": "Cube1",
			"from": [ 4.5, 3.5, 2.5 ],
			"to": [ 14, 5.5, 10.5 ],
			"rotation": { "origin": [ 4.5, 3.5, 2.5 ], "axis": "y", "angle": -22.5 },
			"faces": {
				"down": { "uv": [ 2, 4, 11.5, 12.5 ], "texture": "#texture1" },
				"up": { "uv": [ 2, 3.5, 11.5, 12 ], "texture": "#texture1" },
				"north": { "uv": [ 12.5, 0, 15.5, 11 ], "texture": "#texture1", "rotation": 90 },
				"south": { "uv": [ 12.5, 0, 15.5, 10.5 ], "texture": "#texture1", "rotation": 90 },
				"west": { "uv": [ 12.5, 0, 15.5, 11 ], "texture": "#texture1", "rotation": 90 },
				"east": { "uv": [ 12.5, 0, 15.5, 12 ], "texture": "#texture1", "rotation": 90 }
			}
		},
		{
			"__comment": "Cube1",
			"from": [ 6, 3.5, 2.5 ],
			"to": [ 13, 5.5, 3 ],
			"rotation": { "origin": [ 6, 3.5, 2.5 ], "axis": "y", "angle": -22.5 },
			"faces": {
				"down": { "uv": [ 1, 1, 3, 3 ], "texture": "#texture" },
				"up": { "uv": [ 1, 1, 11.5, 1.5 ], "texture": "#texture" },
				"north": { "uv": [ 0, 0.5, 12, 3.5 ], "texture": "#texture" },
				"south": { "uv": [ 1.5, 13.5, 12, 15.5 ], "texture": "#texture" },
				"west": { "uv": [ 5.5, 1, 6, 3 ], "texture": "#texture" },
				"east": { "uv": [ 5.5, 1, 6, 3 ], "texture": "#texture" }
			}
		},
		{
			"__comment": "Cube1",
			"from": [ 3, 2.5, 3 ],
			"to": [ 13.5, 3, 13 ],
			"faces": {
				"down": { "uv": [ 1, 5, 11.5, 15 ], "texture": "#texture" },
				"up": { "uv": [ 1, 5, 11.5, 15 ], "texture": "#texture" },
				"north": { "uv": [ 1.5, 12.5, 12, 13 ], "texture": "#texture" },
				"south": { "uv": [ 1.5, 13, 12, 13.5 ], "texture": "#texture" },
				"west": { "uv": [ 2, 12.5, 12, 13 ], "texture": "#texture" },
				"east": { "uv": [ 2, 13, 12, 13.5 ], "texture": "#texture" }
			}
		},
		{
			"__comment": "Cube1",
			"from": [ 4.5, 3.5, 1.5 ],
			"to": [ 15, 5.5, 2 ],
			"rotation": { "origin": [ 4.5, 3.5, 1.5 ], "axis": "y", "angle": -22.5 },
			"faces": {
				"down": { "uv": [ 1.5, 12.5, 12, 13 ], "texture": "#texture1" },
				"up": { "uv": [ 1.5, 3, 12, 3.5 ], "texture": "#texture1" },
				"north": { "uv": [ 0, 0.5, 12, 3.5 ], "texture": "#texture1" },
				"south": { "uv": [ 1.5, 13.5, 12, 15.5 ], "texture": "#texture1" },
				"west": { "uv": [ 3, 13.5, 3.5, 15.5 ], "texture": "#texture1" },
				"east": { "uv": [ 10, 13, 10.5, 15 ], "texture": "#texture1" }
			}
		},
		{
			"__comment": "Cube1",
			"from": [ 3, 0, 3 ],
			"to": [ 13.5, 0.5, 13 ],
			"faces": {
				"down": { "uv": [ 1, 5, 11.5, 15 ], "texture": "#texture", "cullface": "down" },
				"up": { "uv": [ 1, 5, 11.5, 15 ], "texture": "#texture" },
				"north": { "uv": [ 1.5, 12.5, 12, 13 ], "texture": "#texture" },
				"south": { "uv": [ 1.5, 13, 12, 13.5 ], "texture": "#texture" },
				"west": { "uv": [ 2, 12.5, 12, 13 ], "texture": "#texture" },
				"east": { "uv": [ 2, 13, 12, 13.5 ], "texture": "#texture" }
			}
		},
		{
			"__comment": "Cube1",
			"from": [ 3, 0.5, 3 ],
			"to": [ 13.5, 2.5, 3.5 ],
			"faces": {
				"north": { "uv": [ 0, 0.5, 12, 3.5 ], "texture": "#texture" },
				"south": { "uv": [ 1.5, 13.5, 12, 15.5 ], "texture": "#texture" },
				"west": { "uv": [ 3, 13.5, 3.5, 15.5 ], "texture": "#texture" },
				"east": { "uv": [ 10, 12, 10.5, 14 ], "texture": "#texture" }
			}
		},
		{
			"__comment": "Cube1",
			"from": [ 5, 0.5, 3.5 ],
			"to": [ 12, 2.5, 4 ],
			"faces": {
				"west": { "uv": [ 5.5, 1, 6, 3 ], "texture": "#texture" },
				"east": { "uv": [ 5.5, 1, 6, 3 ], "texture": "#texture" }
			}
		},
		{
			"__comment": "Cube1",
			"from": [ 3.5, 0.5, 4 ],
			"to": [ 13, 2.5, 12 ],
			"faces": {
				"north": { "uv": [ 12.5, 0, 15.5, 11 ], "texture": "#texture", "rotation": 90 },
				"south": { "uv": [ 12.5, 0, 15.5, 10.5 ], "texture": "#texture", "rotation": 90 },
				"west": { "uv": [ 12.5, 0, 15.5, 11 ], "texture": "#texture", "rotation": 90 },
				"east": { "uv": [ 12.5, 0, 15.5, 12 ], "texture": "#texture", "rotation": 90 }
			}
		},
		{
			"__comment": "Cube1",
			"from": [ 4.5, 3, 1.5 ],
			"to": [ 15, 3.5, 11.5 ],
			"rotation": { "origin": [ 4.5, 3, 1.5 ], "axis": "y", "angle": -22.5 },
			"faces": {
				"down": { "uv": [ 1, 5, 11.5, 15 ], "texture": "#texture1" },
				"up": { "uv": [ 1, 5, 11.5, 15 ], "texture": "#texture1" },
				"north": { "uv": [ 1.5, 12.5, 12, 13 ], "texture": "#texture1" },
				"south": { "uv": [ 1.5, 13, 12, 13.5 ], "texture": "#texture1" },
				"west": { "uv": [ 2, 12.5, 12, 13 ], "texture": "#texture1" },
				"east": { "uv": [ 2, 13, 12, 13.5 ], "texture": "#texture1" }
			}
		},
		{
			"__comment": "PlaneY11",
			"from": [ 11, 6, 5.5 ],
			"to": [ 13, 6.001, 10 ],
			"rotation": { "origin": [ 11, 6, 5.5 ], "axis": "y", "angle": -22.5 },
			"faces": {
				"down": { "uv": [ 12, 7, 13, 8 ], "texture": "#texture" },
				"up": { "uv": [ 12, 5.5, 15, 11 ], "texture": "#texture" }
			}
		}
	]
}