{
	"__comment": "Designed by Galingueur with Cubik Studio - https://cubik.studio",
	"ambientocclusion": false,
	"textures": {
		"particle": "block/flower_pot",
		"flowerpot": "block/flower_pot",
		"dirt": "block/water_still"
	},
	"elements": [
		{
			"from": [ 5, 0, 5 ],
			"to": [ 6, 6, 11 ],
			"faces": {
				"down": { "uv": [ 5, 5, 6, 11 ], "texture": "#flowerpot", "cullface": "down" },
				"up": { "uv": [ 5, 5, 6, 11 ], "texture": "#flowerpot" },
				"north": { "uv": [ 10, 10, 11, 16 ], "texture": "#flowerpot" },
				"south": { "uv": [ 5, 10, 6, 16 ], "texture": "#flowerpot" },
				"west": { "uv": [ 5, 10, 11, 16 ], "texture": "#flowerpot" },
				"east": { "uv": [ 5, 10, 11, 16 ], "texture": "#flowerpot" }
			}
		},
		{
			"from": [ 11, 1, 7 ],
			"to": [ 12, 2, 9 ],
			"faces": {
				"down": { "uv": [ 7, 13, 8, 14 ], "texture": "#flowerpot", "cullface": "down" },
				"up": { "uv": [ 6, 10, 7, 11 ], "texture": "#flowerpot" },
				"north": { "uv": [ 7, 11, 8, 12 ], "texture": "#flowerpot" },
				"south": { "uv": [ 8, 11, 9, 12 ], "texture": "#flowerpot" },
				"west": { "uv": [ 5, 7, 6, 8 ], "texture": "#flowerpot" },
				"east": { "uv": [ 7, 11, 8, 12 ], "texture": "#flowerpot" }
			}
		},
		{
			"from": [ 6, 0, 5 ],
			"to": [ 10, 6, 6 ],
			"faces": {
				"down": { "uv": [ 6, 10, 10, 11 ], "texture": "#flowerpot", "cullface": "down" },
				"up": { "uv": [ 6, 5, 10, 6 ], "texture": "#flowerpot" },
				"north": { "uv": [ 6, 10, 10, 16 ], "texture": "#flowerpot" },
				"south": { "uv": [ 6, 10, 10, 16 ], "texture": "#flowerpot" }
			}
		},
		{
			"from": [ 6, 0, 10 ],
			"to": [ 10, 6, 11 ],
			"faces": {
				"down": { "uv": [ 6, 5, 10, 6 ], "texture": "#flowerpot", "cullface": "down" },
				"up": { "uv": [ 6, 10, 10, 11 ], "texture": "#flowerpot" },
				"north": { "uv": [ 6, 10, 10, 16 ], "texture": "#flowerpot" },
				"south": { "uv": [ 6, 10, 10, 16 ], "texture": "#flowerpot" }
			}
		},
		{
			"from": [ 6, 0, 6 ],
			"to": [ 10, 4, 10 ],
			"faces": {
				"down": { "uv": [ 6, 6, 10, 10 ], "texture": "#flowerpot", "cullface": "down" },
				"up": { "uv": [ 6, 6, 10, 10 ], "texture": "#dirt" }
			}
		},
		{
			"from": [ 10, 0, 5 ],
			"to": [ 11, 6, 11 ],
			"faces": {
				"down": { "uv": [ 10, 5, 11, 11 ], "texture": "#flowerpot", "cullface": "down" },
				"up": { "uv": [ 10, 5, 11, 11 ], "texture": "#flowerpot" },
				"north": { "uv": [ 5, 10, 6, 16 ], "texture": "#flowerpot" },
				"south": { "uv": [ 10, 10, 11, 16 ], "texture": "#flowerpot" },
				"west": { "uv": [ 5, 10, 11, 16 ], "texture": "#flowerpot" },
				"east": { "uv": [ 5, 10, 11, 16 ], "texture": "#flowerpot" }
			}
		},
		{
			"from": [ 12, 1, 7 ],
			"to": [ 13, 5, 9 ],
			"faces": {
				"down": { "uv": [ 10, 7, 11, 9 ], "texture": "#flowerpot", "cullface": "down" },
				"up": { "uv": [ 10, 7, 11, 9 ], "texture": "#flowerpot" },
				"north": { "uv": [ 7, 11, 8, 15 ], "texture": "#flowerpot" },
				"south": { "uv": [ 8, 11, 9, 15 ], "texture": "#flowerpot" },
				"west": { "uv": [ 8, 11, 9, 15 ], "texture": "#flowerpot" },
				"east": { "uv": [ 7, 11, 8, 15 ], "texture": "#flowerpot" }
			}
		},
		{
			"from": [ 11, 4, 7 ],
			"to": [ 12, 5, 9 ],
			"faces": {
				"down": { "uv": [ 7, 13, 8, 14 ], "texture": "#flowerpot", "cullface": "down" },
				"up": { "uv": [ 6, 10, 7, 11 ], "texture": "#flowerpot" },
				"north": { "uv": [ 7, 11, 8, 12 ], "texture": "#flowerpot" },
				"south": { "uv": [ 8, 11, 9, 12 ], "texture": "#flowerpot" },
				"west": { "uv": [ 5, 7, 6, 8 ], "texture": "#flowerpot" },
				"east": { "uv": [ 7, 11, 8, 12 ], "texture": "#flowerpot" }
			}
		}
	]
}