{
	"__comment": "Designed by Galingueur with Cubik Studio - https://cubik.studio",
	"textures": {
		"particle": "block/m_chair",
		"texture": "block/m_chair"
	},
	"elements": [
		{
			"__comment": "Cube1",
			"from": [ 5.5, 8, 11.5 ],
			"to": [ 10.5, 9, 12.5 ],
			"faces": {
				"down": { "uv": [ 5, 15, 10, 16 ], "texture": "#texture" },
				"up": { "uv": [ 2, 8, 7, 9 ], "texture": "#texture" },
				"north": { "uv": [ 2, 0, 7, 1 ], "texture": "#texture" },
				"south": { "uv": [ 2, 8, 7, 9 ], "texture": "#texture" },
				"west": { "uv": [ 8, 6, 9, 7 ], "texture": "#texture" },
				"east": { "uv": [ 7, 7, 8, 8 ], "texture": "#texture" }
			}
		},
		{
			"__comment": "Cube1",
			"from": [ 4.5, 8, 4.5 ],
			"to": [ 11.5, 9, 11.5 ],
			"faces": {
				"down": { "uv": [ 5.5, 11.5, 9.5, 15.5 ], "texture": "#texture" },
				"up": { "uv": [ 1, 1, 8, 8 ], "texture": "#texture" },
				"north": { "uv": [ 7, 7, 8, 8 ], "texture": "#texture" },
				"south": { "uv": [ 1, 7, 2, 8 ], "texture": "#texture" },
				"west": { "uv": [ 1, 7, 2, 8 ], "texture": "#texture" },
				"east": { "uv": [ 1, 7, 2, 8 ], "texture": "#texture" }
			}
		},
		{
			"__comment": "Cube1",
			"from": [ 11.5, 8, 5.5 ],
			"to": [ 12.5, 9, 10.5 ],
			"faces": {
				"down": { "uv": [ 9, 11, 10, 16 ], "texture": "#texture" },
				"up": { "uv": [ 8, 2, 9, 7 ], "texture": "#texture" },
				"north": { "uv": [ 7, 7, 8, 8 ], "texture": "#texture" },
				"south": { "uv": [ 8, 6, 9, 7 ], "texture": "#texture" },
				"west": { "uv": [ 2, 8, 7, 9 ], "texture": "#texture" },
				"east": { "uv": [ 2, 0, 7, 1 ], "texture": "#texture" }
			}
		},
		{
			"__comment": "Cube1",
			"from": [ 3.5, 8, 5.5 ],
			"to": [ 4.5, 9, 10.5 ],
			"faces": {
				"down": { "uv": [ 5, 11, 6, 16 ], "texture": "#texture" },
				"up": { "uv": [ 0, 2, 1, 7 ], "texture": "#texture" },
				"north": { "uv": [ 8, 6, 9, 7 ], "texture": "#texture" },
				"south": { "uv": [ 8, 6, 9, 7 ], "texture": "#texture" },
				"west": { "uv": [ 2, 8, 7, 9 ], "texture": "#texture" },
				"east": { "uv": [ 2, 8, 7, 9 ], "texture": "#texture" }
			}
		},
		{
			"__comment": "Cube1",
			"from": [ 5.5, 8, 3.5 ],
			"to": [ 10.5, 9, 4.5 ],
			"faces": {
				"down": { "uv": [ 5, 11, 10, 12 ], "texture": "#texture" },
				"up": { "uv": [ 2, 0, 7, 1 ], "texture": "#texture" },
				"north": { "uv": [ 2, 0, 7, 1 ], "texture": "#texture" },
				"south": { "uv": [ 2, 8, 7, 9 ], "texture": "#texture" },
				"west": { "uv": [ 8, 6, 9, 7 ], "texture": "#texture" },
				"east": { "uv": [ 8, 6, 9, 7 ], "texture": "#texture" }
			}
		},
		{
			"__comment": "Cube1",
			"from": [ 6.5, 0.5, 6.5 ],
			"to": [ 9.5, 1, 9.5 ],
			"faces": {
				"down": { "uv": [ 6, 12, 9, 15 ], "texture": "#texture" },
				"up": { "uv": [ 6, 12, 9, 15 ], "texture": "#texture" },
				"north": { "uv": [ 6, 14.5, 9, 15 ], "texture": "#texture" },
				"south": { "uv": [ 6, 14.5, 9, 15 ], "texture": "#texture" },
				"west": { "uv": [ 6, 14.5, 9, 15 ], "texture": "#texture" },
				"east": { "uv": [ 6, 14.5, 9, 15 ], "texture": "#texture" }
			}
		},
		{
			"__comment": "Cube1",
			"from": [ 7, 1, 7 ],
			"to": [ 9, 8, 9 ],
			"faces": {
				"down": { "uv": [ 9.5, 8, 11.5, 10 ], "texture": "#texture" },
				"up": { "uv": [ 9.5, 9, 11.5, 11 ], "texture": "#texture" },
				"north": { "uv": [ 16, 3, 14, 10 ], "texture": "#texture" },
				"south": { "uv": [ 14, 9, 12, 16 ], "texture": "#texture" },
				"west": { "uv": [ 12, 3, 14, 10 ], "texture": "#texture" },
				"east": { "uv": [ 14, 9, 16, 16 ], "texture": "#texture" }
			}
		},
		{
			"__comment": "Cube1",
			"from": [ 5.5, 0, 5.5 ],
			"to": [ 10.5, 0.5, 10.5 ],
			"faces": {
				"down": { "uv": [ 5, 11, 10, 16 ], "texture": "#texture" },
				"up": { "uv": [ 5, 11, 10, 16 ], "texture": "#texture" },
				"north": { "uv": [ 0, 15.5, 5, 16 ], "texture": "#texture" },
				"south": { "uv": [ 0, 15.5, 5, 16 ], "texture": "#texture" },
				"west": { "uv": [ 0, 15.5, 5, 16 ], "texture": "#texture" },
				"east": { "uv": [ 0, 15.5, 5, 16 ], "texture": "#texture" }
			}
		}
	]
}