{
	"__comment": "Designed by Galingueur with Cubik Studio - https://cubik.studio",
	"textures": {
		"particle": "block/m_ct_sides",
		"ct_sides": "block/m_ct_sides",
		"ct_bottom": "block/m_ct_bottom",
		"ct_top": "block/m_ct_top",
		"ct_case": "block/m_ct_case",
		"misc1case": "block/m_ct_misc01",
		"misc2": "block/m_ct_misc02",
		"texture": "block/m_ct_box"
	},
	"elements": [
		{
			"__comment": "Cube1",
			"from": [ 1.5, 0, 9 ],
			"to": [ 8, 5.5, 13 ],
			"faces": {
				"down": { "uv": [ 2, 12, 9, 16 ], "texture": "#misc1case", "rotation": 180 },
				"up": { "uv": [ 2, 12, 9, 16 ], "texture": "#misc1case" },
				"north": { "uv": [ 9, 11, 16, 16 ], "texture": "#misc1case" },
				"south": { "uv": [ 9, 11, 16, 16 ], "texture": "#misc1case" },
				"west": { "uv": [ 12, 6, 16, 11 ], "texture": "#misc1case" },
				"east": { "uv": [ 12, 6, 16, 11 ], "texture": "#misc1case" }
			}
		},
		{
			"__comment": "Cube1",
			"from": [ 4.5, 6, 4.5 ],
			"to": [ 8.5, 6.5, 5.625 ],
			"rotation": { "origin": [ 4.5, 6, 4.5 ], "axis": "y", "angle": 22.5 },
			"faces": {
				"down": { "uv": [ 13.5, 0, 16, 3.5 ], "texture": "#texture" },
				"up": { "uv": [ 12.5, 0, 16, 3.5 ], "texture": "#texture" },
				"north": { "uv": [ 13, 0, 16, 3 ], "texture": "#texture" },
				"south": { "uv": [ 13, 0, 16, 3 ], "texture": "#texture" },
				"west": { "uv": [ 12, 0, 16, 4 ], "texture": "#texture" },
				"east": { "uv": [ 12, 0, 16, 4 ], "texture": "#texture" }
			}
		},
		{
			"__comment": "Cube1",
			"from": [ 9.5, 0, 6.5 ],
			"to": [ 15.5, 4, 15 ],
			"faces": {
				"down": { "uv": [ 0, 0, 6, 8 ], "texture": "#misc1case" },
				"up": { "uv": [ 0, 0, 6, 8 ], "texture": "#misc1case" },
				"north": { "uv": [ 0, 8, 6, 12 ], "texture": "#misc1case" },
				"south": { "uv": [ 0, 8, 6, 12 ], "texture": "#misc1case" },
				"west": { "uv": [ 6, 0, 10, 8 ], "texture": "#misc1case", "rotation": 90 },
				"east": { "uv": [ 6, 0, 10, 8 ], "texture": "#misc1case", "rotation": 90 }
			}
		},
		{
			"__comment": "Cube1",
			"from": [ 0.5, 0, 4.5 ],
			"to": [ 11.5, 6, 8 ],
			"rotation": { "origin": [ 0.5, 0, 4.5 ], "axis": "y", "angle": 22.5 },
			"faces": {
				"down": { "uv": [ 0, 12, 12, 16 ], "texture": "#texture" },
				"up": { "uv": [ 0, 12, 12, 16 ], "texture": "#texture" },
				"north": { "uv": [ 0, 6, 12, 12 ], "texture": "#texture" },
				"south": { "uv": [ 0, 6, 12, 12 ], "texture": "#texture" },
				"west": { "uv": [ 12, 4, 16, 10 ], "texture": "#texture" },
				"east": { "uv": [ 12, 4, 16, 10 ], "texture": "#texture" }
			}
		},
		{
			"__comment": "Cube1",
			"from": [ 1, 1, 10 ],
			"to": [ 1.5, 2, 12 ],
			"rotation": { "origin": [ 1, 1, 10 ], "axis": "y", "angle": 0 },
			"faces": {
				"down": { "uv": [ 13.5, 0, 16, 3.5 ], "texture": "#texture" },
				"up": { "uv": [ 12.5, 0, 16, 3.5 ], "texture": "#texture" },
				"north": { "uv": [ 13, 0, 16, 3 ], "texture": "#texture" },
				"south": { "uv": [ 13, 0, 16, 3 ], "texture": "#texture" },
				"west": { "uv": [ 12, 0, 16, 4 ], "texture": "#texture" },
				"east": { "uv": [ 12, 0, 16, 4 ], "texture": "#texture" }
			}
		},
		{
			"__comment": "Cube1",
			"from": [ 7.6875, 6, 2.4688 ],
			"to": [ 8.6875, 6.5, 4.25005 ],
			"rotation": { "origin": [ 7.6875, 6, 2.46875 ], "axis": "y", "angle": 22.5 },
			"faces": {
				"down": { "uv": [ 13.5, 0, 16, 3.5 ], "texture": "#texture" },
				"up": { "uv": [ 12.5, 0, 16, 3.5 ], "texture": "#texture" },
				"north": { "uv": [ 13, 0, 16, 3 ], "texture": "#texture" },
				"south": { "uv": [ 13, 0, 16, 3 ], "texture": "#texture" },
				"west": { "uv": [ 12, 0, 16, 4 ], "texture": "#texture" },
				"east": { "uv": [ 12, 0, 16, 4 ], "texture": "#texture" }
			}
		},
		{
			"__comment": "Cube1",
			"from": [ 3.3438, 6, 4.2812 ],
			"to": [ 4.3438, 6.5, 6.06245 ],
			"rotation": { "origin": [ 3.34375, 6, 4.28125 ], "axis": "y", "angle": 22.5 },
			"faces": {
				"down": { "uv": [ 13.5, 0, 16, 3.5 ], "texture": "#texture" },
				"up": { "uv": [ 12.5, 0, 16, 3.5 ], "texture": "#texture" },
				"north": { "uv": [ 13, 0, 16, 3 ], "texture": "#texture" },
				"south": { "uv": [ 13, 0, 16, 3 ], "texture": "#texture" },
				"west": { "uv": [ 12, 0, 16, 4 ], "texture": "#texture" },
				"east": { "uv": [ 12, 0, 16, 4 ], "texture": "#texture" }
			}
		},
		{
			"__comment": "Cube1",
			"from": [ 1, 3.5, 10 ],
			"to": [ 1.5, 4.5, 12 ],
			"faces": {
				"down": { "uv": [ 13.5, 0, 16, 3.5 ], "texture": "#texture" },
				"up": { "uv": [ 12.5, 0, 16, 3.5 ], "texture": "#texture" },
				"north": { "uv": [ 13, 0, 16, 3 ], "texture": "#texture" },
				"south": { "uv": [ 13, 0, 16, 3 ], "texture": "#texture" },
				"west": { "uv": [ 12, 0, 16, 4 ], "texture": "#texture" },
				"east": { "uv": [ 12, 0, 16, 4 ], "texture": "#texture" }
			}
		},
		{
			"__comment": "Cube1",
			"from": [ 8, 3.5, 10 ],
			"to": [ 8.5, 4.5, 12 ],
			"faces": {
				"down": { "uv": [ 13.5, 0, 16, 3.5 ], "texture": "#texture" },
				"up": { "uv": [ 12.5, 0, 16, 3.5 ], "texture": "#texture" },
				"north": { "uv": [ 13, 0, 16, 3 ], "texture": "#texture" },
				"south": { "uv": [ 13, 0, 16, 3 ], "texture": "#texture" },
				"west": { "uv": [ 12, 0, 16, 4 ], "texture": "#texture" },
				"east": { "uv": [ 12, 0, 16, 4 ], "texture": "#texture" }
			}
		},
		{
			"__comment": "Cube1",
			"from": [ 8, 1, 10 ],
			"to": [ 8.5, 2, 12 ],
			"faces": {
				"down": { "uv": [ 13.5, 0, 16, 3.5 ], "texture": "#texture" },
				"up": { "uv": [ 12.5, 0, 16, 3.5 ], "texture": "#texture" },
				"north": { "uv": [ 13, 0, 16, 3 ], "texture": "#texture" },
				"south": { "uv": [ 13, 0, 16, 3 ], "texture": "#texture" },
				"west": { "uv": [ 12, 0, 16, 4 ], "texture": "#texture" },
				"east": { "uv": [ 12, 0, 16, 4 ], "texture": "#texture" }
			}
		}
	]
}