{
"textures": {
	"particle": "block/ladder",
    "texture": "block/ladder"
},
"elements": [ 
{
    "from": [ 1, 12, 15 ],
    "to": [ 15, 15, 16 ],
    "faces": {
        "down":  { "uv": [ 15, 4, 1, 3 ], "texture": "#texture" },
        "up":    { "uv": [ 1, 2, 15, 3 ], "texture": "#texture" },
        "north": { "uv": [ 1, 1, 15, 4 ], "texture": "#texture" },
        "south": { "uv": [ 1, 1, 15, 4 ], "texture": "#texture" },
        "west":  { "uv": [ 14, 1, 15, 4 ], "texture": "#texture" },
        "east":  { "uv": [ 1, 1, 2, 4 ], "texture": "#texture" }
    }
},
{
    "from": [ 1, 7, 15 ],
    "to": [ 15, 10, 16 ],
    "faces": {
        "down":  { "uv": [ 15, 4, 1, 3 ], "texture": "#texture" },
        "up":    { "uv": [ 1, 2, 15, 3 ], "texture": "#texture" },
        "north": { "uv": [ 1, 1, 15, 4 ], "texture": "#texture" },
        "south": { "uv": [ 1, 1, 15, 4 ], "texture": "#texture" },
        "west":  { "uv": [ 14, 1, 15, 4 ], "texture": "#texture" },
        "east":  { "uv": [ 1, 1, 2, 4 ], "texture": "#texture" }
    }
},
{
    "from": [ 1, 2, 15 ],
    "to": [ 15, 5, 16 ],
    "faces": {
        "down":  { "uv": [ 15, 4, 1, 3 ], "texture": "#texture" },
        "up":    { "uv": [ 1, 2, 15, 3 ], "texture": "#texture" },
        "north": { "uv": [ 1, 1, 15, 4 ], "texture": "#texture" },
        "south": { "uv": [ 1, 1, 15, 4 ], "texture": "#texture" },
        "west":  { "uv": [ 14, 1, 15, 4 ], "texture": "#texture" },
        "east":  { "uv": [ 1, 1, 2, 4 ], "texture": "#texture" }
    }
}
]
}