{
	"__comment": "Designed by Galingueur with Cubik Studio - https://cubik.studio",
	"ambientocclusion": false,
	"textures": {
		"particle": "block/cobblestone",
		"base": "block/cobblestone",
		"lever": "block/m_lever"
	},
	"elements": [
		{
			"from": [ 5.5, 0, 8.5 ],
			"to": [ 10.5, 1.5, 12 ],
			"faces": {
				"down": { "uv": [ 6, 4, 7, 5 ], "texture": "#base" },
				"up": { "uv": [ 2, 6, 8, 11 ], "texture": "#lever", "rotation": 180 },
				"north": { "uv": [ 9, 14.5, 10, 16 ], "texture": "#lever" },
				"south": { "uv": [ 8, 4, 10, 9 ], "texture": "#lever", "rotation": 270 },
				"west": { "uv": [ 8, 0, 10, 5 ], "texture": "#lever", "rotation": 270 },
				"east": { "uv": [ 8, 0, 10, 5 ], "texture": "#lever", "rotation": 270 }
			}
		},
		{
			"from": [ 6, 2.5, 7 ],
			"to": [ 10, 3.5, 8 ],
			"faces": {
				"down": { "uv": [ 2, 0, 8, 2 ], "texture": "#lever" },
				"up": { "uv": [ 2, 0, 8, 2 ], "texture": "#lever" },
				"north": { "uv": [ 2, 1, 8, 2 ], "texture": "#lever" },
				"south": { "uv": [ 2, 1, 8, 2 ], "texture": "#lever" },
				"west": { "uv": [ 2, 0, 3, 2 ], "texture": "#lever", "rotation": 270 },
				"east": { "uv": [ 7, 0, 8, 2 ], "texture": "#lever", "rotation": 270 }
			}
		},
		{
			"from": [ 9, 0.5, 7 ],
			"to": [ 10, 2.5, 8 ],
			"faces": {
				"down": { "uv": [ 3, 3.5, 4, 4.5 ], "texture": "#lever" },
				"up": { "uv": [ 3, 2.5, 4, 3.5 ], "texture": "#lever" },
				"north": { "uv": [ 2, 2, 3, 4.5 ], "texture": "#lever" },
				"south": { "uv": [ 3, 3.5, 4, 6 ], "texture": "#lever" },
				"west": { "uv": [ 3, 2, 4, 4.5 ], "texture": "#lever" },
				"east": { "uv": [ 2, 4, 3, 6.5 ], "texture": "#lever" }
			}
		},
		{
			"from": [ 7, 0, 4 ],
			"to": [ 9, 1.5, 8.5 ],
			"faces": {
				"down": { "uv": [ 7, 4, 9, 12 ], "texture": "#base" },
				"up": { "uv": [ 12, 10, 14, 15 ], "texture": "#lever", "rotation": 180 },
				"north": { "uv": [ 8, 9, 10, 11 ], "texture": "#lever", "rotation": 270 },
				"south": { "uv": [ 7, 14.5, 9, 16 ], "texture": "#base" },
				"west": { "uv": [ 4, 14.5, 12, 16 ], "texture": "#base" },
				"east": { "uv": [ 4, 14.5, 12, 16 ], "texture": "#base" }
			}
		},
		{
			"from": [ 6, 0, 5 ],
			"to": [ 7, 0.5, 8.5 ],
			"faces": {
				"down": { "uv": [ 6, 5, 7, 11 ], "texture": "#base" },
				"up": { "uv": [ 0, 5, 1, 9 ], "texture": "#lever" },
				"north": { "uv": [ 9, 15.5, 10, 16 ], "texture": "#base" },
				"south": { "uv": [ 6, 15.5, 7, 16 ], "texture": "#base" },
				"west": { "uv": [ 5, 15.5, 11, 16 ], "texture": "#base" },
				"east": { "uv": [ 5, 15.5, 11, 16 ], "texture": "#base" }
			}
		},
		{
			"from": [ 9, 0, 4 ],
			"to": [ 10, 1.5, 5 ],
			"faces": {
				"down": { "uv": [ 6, 11, 7, 12 ], "texture": "#base" },
				"up": { "uv": [ 11, 6, 12, 7 ], "texture": "#lever" },
				"north": { "uv": [ 8, 9, 10, 10 ], "texture": "#lever", "rotation": 270 },
				"south": { "uv": [ 6, 14.5, 7, 16 ], "texture": "#base" },
				"west": { "uv": [ 4, 14.5, 5, 16 ], "texture": "#base" },
				"east": { "uv": [ 11, 14.5, 12, 16 ], "texture": "#base" }
			}
		},
		{
			"from": [ 5.5, 0, 4 ],
			"to": [ 6, 1.5, 8.5 ],
			"faces": {
				"down": { "uv": [ 9.5, 4, 10, 12 ], "texture": "#lever" },
				"up": { "uv": [ 14.5, 5, 15, 13 ], "texture": "#lever" },
				"north": { "uv": [ 8, 10, 10, 10.5 ], "texture": "#lever", "rotation": 270 },
				"south": { "uv": [ 10, 14.5, 10.5, 16 ], "texture": "#lever" },
				"west": { "uv": [ 8, 4, 10, 11 ], "texture": "#lever", "rotation": 270 },
				"east": { "uv": [ 8, 4, 10, 11 ], "texture": "#lever", "rotation": 270 }
			}
		},
		{
			"from": [ 9, 0, 5 ],
			"to": [ 10, 0.5, 8.5 ],
			"faces": {
				"down": { "uv": [ 15, 5, 16, 11 ], "texture": "#base" },
				"up": { "uv": [ 1, 5, 2, 9 ], "texture": "#lever" },
				"north": { "uv": [ 6, 15.5, 7, 16 ], "texture": "#base" },
				"south": { "uv": [ 9, 15.5, 10, 16 ], "texture": "#base" },
				"west": { "uv": [ 5, 15.5, 11, 16 ], "texture": "#base" },
				"east": { "uv": [ 5, 15.5, 11, 16 ], "texture": "#base" }
			}
		},
		{
			"from": [ 6, 0.5, 7 ],
			"to": [ 7, 2.5, 8 ],
			"faces": {
				"down": { "uv": [ 3, 3.5, 4, 4.5 ], "texture": "#lever" },
				"up": { "uv": [ 3, 2.5, 4, 3.5 ], "texture": "#lever" },
				"north": { "uv": [ 2, 2, 3, 4.5 ], "texture": "#lever" },
				"south": { "uv": [ 3, 3.5, 4, 6 ], "texture": "#lever" },
				"west": { "uv": [ 3, 2, 4, 4.5 ], "texture": "#lever" },
				"east": { "uv": [ 2, 4, 3, 6.5 ], "texture": "#lever" }
			}
		},
		{
			"from": [ 10, 0, 4 ],
			"to": [ 10.5, 1.5, 8.5 ],
			"faces": {
				"down": { "uv": [ 9.5, 4, 10, 12 ], "texture": "#lever" },
				"up": { "uv": [ 11, 6.5, 11.5, 14.5 ], "texture": "#lever" },
				"north": { "uv": [ 8, 10, 10, 10.5 ], "texture": "#lever", "rotation": 270 },
				"south": { "uv": [ 10, 14.5, 10.5, 16 ], "texture": "#lever" },
				"west": { "uv": [ 8, 4, 10, 11 ], "texture": "#lever", "rotation": 270 },
				"east": { "uv": [ 8, 4, 10, 11 ], "texture": "#lever", "rotation": 270 }
			}
		},
		{
			"from": [ 6, 0, 4 ],
			"to": [ 7, 1.5, 5 ],
			"faces": {
				"down": { "uv": [ 6, 11, 7, 12 ], "texture": "#base" },
				"up": { "uv": [ 11, 6.5, 12, 7.5 ], "texture": "#lever" },
				"north": { "uv": [ 8, 9, 10, 10 ], "texture": "#lever", "rotation": 270 },
				"south": { "uv": [ 6, 14.5, 7, 16 ], "texture": "#base" },
				"west": { "uv": [ 4, 14.5, 5, 16 ], "texture": "#base" },
				"east": { "uv": [ 11, 14.5, 12, 16 ], "texture": "#base" }
			}
		}
	]
}