{
	"__comment": "Designed by Galingueur with Cubik Studio - https://cubik.studio",
	"textures": {
		"particle": "block/furnace_side",
		"texture": "block/furnace_side",
		"texture1": "block/furnace_front_on",
		"texture2": "block/furnace_top"
	},
	"elements": [
		{
			"__comment": "Cube1",
			"from": [ 0, 0, 1 ],
			"to": [ 16, 16, 16 ],
			"faces": {
				"down": { "uv": [ 0, 0, 16, 15 ], "texture": "#texture2" },
				"up": { "uv": [ 0, 1, 16, 16 ], "texture": "#texture2" },
				"north": { "uv": [ 0, 0, 16, 16 ], "texture": "#texture1" },
				"south": { "uv": [ 0, 0, 16, 16 ], "texture": "#texture" },
				"west": { "uv": [ 1, 0, 16, 16 ], "texture": "#texture" },
				"east": { "uv": [ 0, 0, 15, 16 ], "texture": "#texture" }
			}
		},
		{
			"__comment": "Cube1",
			"from": [ 0, 0, 0 ],
			"to": [ 1, 16, 1 ],
			"faces": {
				"down": { "uv": [ 0, 15, 1, 16 ], "texture": "#texture2" },
				"up": { "uv": [ 0, 0, 1, 1 ], "texture": "#texture2" },
				"north": { "uv": [ 15, 0, 16, 16 ], "texture": "#texture1" },
				"south": { "uv": [ 0, 0, 1, 16 ], "texture": "#texture" },
				"west": { "uv": [ 0, 0, 1, 16 ], "texture": "#texture" },
				"east": { "uv": [ 15, 0, 16, 16 ], "texture": "#texture" }
			}
		},
		{
			"__comment": "Cube1",
			"from": [ 15, 0, 0 ],
			"to": [ 16, 16, 1 ],
			"faces": {
				"down": { "uv": [ 15, 15, 16, 16 ], "texture": "#texture2" },
				"up": { "uv": [ 15, 0, 16, 1 ], "texture": "#texture2" },
				"north": { "uv": [ 0, 0, 1, 16 ], "texture": "#texture1" },
				"south": { "uv": [ 15, 0, 16, 16 ], "texture": "#texture" },
				"west": { "uv": [ 0, 0, 1, 16 ], "texture": "#texture" },
				"east": { "uv": [ 15, 0, 16, 16 ], "texture": "#texture" }
			}
		},
		{
			"__comment": "Cube1",
			"from": [ 3, 0, 0.5 ],
			"to": [ 6, 3, 1.5 ],
			"faces": {
				"down": { "uv": [ 1, 15, 5, 16 ], "texture": "#texture2" },
				"up": { "uv": [ 1, 0, 5, 1 ], "texture": "#texture" },
				"north": { "uv": [ 10, 13, 13, 16 ], "texture": "#texture1" },
				"south": { "uv": [ 6, 5, 10, 6 ], "texture": "#texture1" },
				"west": { "uv": [ 0, 0, 1, 4 ], "texture": "#texture" },
				"east": { "uv": [ 15, 0, 16, 4 ], "texture": "#texture" }
			}
		},
		{
			"__comment": "Cube1",
			"from": [ 1, 12, 0 ],
			"to": [ 15, 16, 1 ],
			"faces": {
				"down": { "uv": [ 1, 14, 15, 15 ], "texture": "#texture2" },
				"up": { "uv": [ 1, 0, 15, 1 ], "texture": "#texture2" },
				"north": { "uv": [ 1, 0, 15, 4 ], "texture": "#texture1" },
				"south": { "uv": [ 1, 0, 15, 4 ], "texture": "#texture" },
				"west": { "uv": [ 0, 0, 1, 4 ], "texture": "#texture" },
				"east": { "uv": [ 15, 0, 16, 4 ], "texture": "#texture" }
			}
		},
		{
			"__comment": "Cube1",
			"from": [ 6, 10, 0 ],
			"to": [ 10, 11, 1 ],
			"faces": {
				"down": { "uv": [ 1, 15, 5, 16 ], "texture": "#texture2" },
				"up": { "uv": [ 1, 0, 5, 1 ], "texture": "#texture" },
				"north": { "uv": [ 6, 5, 10, 6 ], "texture": "#texture1" },
				"south": { "uv": [ 6, 5, 10, 6 ], "texture": "#texture1" },
				"west": { "uv": [ 0, 0, 1, 4 ], "texture": "#texture" },
				"east": { "uv": [ 15, 0, 16, 4 ], "texture": "#texture" }
			}
		},
		{
			"__comment": "Cube1",
			"from": [ 1, 0, 0 ],
			"to": [ 15, 1, 1 ],
			"faces": {
				"down": { "uv": [ 1, 15, 15, 16 ], "texture": "#texture2" },
				"up": { "uv": [ 2, 15, 14, 16 ], "texture": "#texture1" },
				"north": { "uv": [ 2, 15, 14, 16 ], "texture": "#texture1" },
				"south": { "uv": [ 1, 0, 15, 0.5 ], "texture": "#texture" },
				"west": { "uv": [ 0, 0, 1, 4 ], "texture": "#texture" },
				"east": { "uv": [ 15, 0, 16, 4 ], "texture": "#texture" }
			}
		},
		{
			"__comment": "Cube1",
			"from": [ 10, 0, 0.5 ],
			"to": [ 13, 3, 1.5 ],
			"faces": {
				"down": { "uv": [ 1, 15, 5, 16 ], "texture": "#texture2" },
				"up": { "uv": [ 1, 0, 5, 1 ], "texture": "#texture" },
				"north": { "uv": [ 3, 13, 6, 16 ], "texture": "#texture1" },
				"south": { "uv": [ 6, 5, 10, 6 ], "texture": "#texture1" },
				"west": { "uv": [ 0, 0, 1, 4 ], "texture": "#texture" },
				"east": { "uv": [ 15, 0, 16, 4 ], "texture": "#texture" }
			}
		}
	]
}