{
	"textures": {
		"particle": "block/piston_side",
		"side": "block/piston_side",
		"platform": "block/piston_inner",
		"bottom": "block/piston_bottom"
	},
	"elements": [
		{
			"from": [ 0, 0, 4 ],
			"to": [ 16, 16, 6 ],
			"faces": {
				"down": { "uv": [ 0, 4, 16, 6 ], "texture": "#side", "cullface": "down", "rotation": 180 },
				"up": { "uv": [ 0, 4, 16, 6 ], "texture": "#side", "cullface": "up" },
				"north": { "uv": [ 0, 0, 16, 16 ], "texture": "#platform", "cullface": "north" },
				"south": { "uv": [ 0, 0, 16, 16 ], "texture": "#bottom", "cullface": "south" },
				"west": { "uv": [ 0, 4, 16, 6 ], "texture": "#side", "cullface": "west", "rotation": 270 },
				"east": { "uv": [ 0, 4, 16, 6 ], "texture": "#side", "cullface": "east", "rotation": 90 }
			}
		},
		{
			"from": [ 0, 0, 13 ],
			"to": [ 16, 16, 16 ],
			"faces": {
				"down": { "uv": [ 0, 13, 16, 16 ], "texture": "#side", "cullface": "down" },
				"up": { "uv": [ 0, 13, 16, 16 ], "texture": "#side", "cullface": "up" },
				"north": { "uv": [ 0, 0, 16, 16 ], "texture": "#bottom", "cullface": "north" },
				"south": { "uv": [ 0, 0, 16, 16 ], "texture": "#bottom", "cullface": "south" },
				"west": { "uv": [ 0, 13, 16, 16 ], "texture": "#side", "cullface": "west", "rotation": 270 },
				"east": { "uv": [ 0, 13, 16, 16 ], "texture": "#side", "cullface": "east", "rotation": 90 }
			}
		},
		{
			"from": [ 0, 15, 6 ],
			"to": [ 1, 16, 13 ],
			"faces": {
				"down": { "uv": [ 15, 5, 16, 13 ], "texture": "#side", "cullface": "down" },
				"up": { "uv": [ 0, 5, 1, 13 ], "texture": "#side", "cullface": "up" },
				"west": { "uv": [ 0, 6, 1, 13 ], "texture": "#side", "cullface": "west", "rotation": 270 },
				"east": { "uv": [ 15, 6, 16, 13 ], "texture": "#side", "cullface": "east", "rotation": 90 }
			}
		},
		{
			"from": [ 15, 15, 6 ],
			"to": [ 16, 16, 13 ],
			"faces": {
				"up": { "uv": [ 0, 5, 1, 13 ], "texture": "#side", "cullface": "up" },
				"west": { "uv": [ 0, 6, 1, 13 ], "texture": "#side", "cullface": "west", "rotation": 270 },
				"east": { "uv": [ 15, 6, 16, 13 ], "texture": "#side", "cullface": "east", "rotation": 90 }
			}
		},
		{
			"from": [ 15, 0, 6 ],
			"to": [ 16, 1, 13 ],
			"faces": {
				"down": { "uv": [ 15, 5, 16, 13 ], "texture": "#side", "cullface": "down" },
				"up": { "uv": [ 0, 5, 1, 13 ], "texture": "#side", "cullface": "up" },
				"west": { "uv": [ 0, 6, 1, 13 ], "texture": "#side", "cullface": "west", "rotation": 270 },
				"east": { "uv": [ 15, 6, 16, 13 ], "texture": "#side", "cullface": "east", "rotation": 90 }
			}
		},
		{
			"from": [ 0, 0, 6 ],
			"to": [ 1, 1, 13 ],
			"faces": {
				"down": { "uv": [ 15, 5, 16, 13 ], "texture": "#side", "cullface": "down" },
				"up": { "uv": [ 0, 5, 1, 13 ], "texture": "#side", "cullface": "up" },
				"west": { "uv": [ 0, 6, 1, 13 ], "texture": "#side", "cullface": "west", "rotation": 270 },
				"east": { "uv": [ 15, 6, 16, 13 ], "texture": "#side", "cullface": "east", "rotation": 90 }
			}
		},
		{
			"from": [ 2, 9, 7 ],
			"to": [ 7, 14, 13 ],
			"faces": {
				"down": { "uv": [ 2, 7, 7, 13 ], "texture": "#side", "cullface": "down" },
				"up": { "uv": [ 2, 7, 7, 13 ], "texture": "#side", "cullface": "up" },
				"north": { "uv": [ 0, 0, 16, 16 ], "texture": "#bottom", "cullface": "north" },
				"west": { "uv": [ 2, 7, 7, 13 ], "texture": "#side", "cullface": "west", "rotation": 270 },
				"east": { "uv": [ 2, 7, 7, 13 ], "texture": "#side", "cullface": "east", "rotation": 90 }
			}
		},
		{
			"from": [ 3, 10, 6 ],
			"to": [ 6, 13, 7 ],
			"faces": {
				"down": { "uv": [ 3, 6, 6, 7 ], "texture": "#side", "cullface": "down" },
				"up": { "uv": [ 3, 6, 6, 7 ], "texture": "#side", "cullface": "up" },
				"west": { "uv": [ 3, 6, 6, 7 ], "texture": "#side", "cullface": "west", "rotation": 270 },
				"east": { "uv": [ 3, 6, 6, 7 ], "texture": "#side", "cullface": "east", "rotation": 90 }
			}
		},
		{
			"from": [ 9, 9, 7 ],
			"to": [ 14, 14, 13 ],
			"faces": {
				"down": { "uv": [ 2, 7, 7, 13 ], "texture": "#side", "cullface": "down" },
				"up": { "uv": [ 2, 7, 7, 13 ], "texture": "#side", "cullface": "up" },
				"north": { "uv": [ 0, 0, 16, 16 ], "texture": "#bottom", "cullface": "north" },
				"west": { "uv": [ 2, 7, 7, 13 ], "texture": "#side", "cullface": "west", "rotation": 270 },
				"east": { "uv": [ 2, 7, 7, 13 ], "texture": "#side", "cullface": "east", "rotation": 90 }
			}
		},
		{
			"from": [ 10, 10, 6 ],
			"to": [ 13, 13, 7 ],
			"faces": {
				"down": { "uv": [ 3, 6, 6, 7 ], "texture": "#side", "cullface": "down" },
				"up": { "uv": [ 3, 6, 6, 7 ], "texture": "#side", "cullface": "up" },
				"west": { "uv": [ 3, 6, 6, 7 ], "texture": "#side", "cullface": "west", "rotation": 270 },
				"east": { "uv": [ 3, 6, 6, 7 ], "texture": "#side", "cullface": "east", "rotation": 90 }
			}
		},
		{
			"from": [ 9, 2, 7 ],
			"to": [ 14, 7, 13 ],
			"faces": {
				"down": { "uv": [ 2, 7, 7, 13 ], "texture": "#side", "cullface": "down" },
				"up": { "uv": [ 2, 7, 7, 13 ], "texture": "#side", "cullface": "up" },
				"north": { "uv": [ 0, 0, 16, 16 ], "texture": "#bottom", "cullface": "north" },
				"west": { "uv": [ 2, 7, 7, 13 ], "texture": "#side", "cullface": "west", "rotation": 270 },
				"east": { "uv": [ 2, 7, 7, 13 ], "texture": "#side", "cullface": "east", "rotation": 90 }
			}
		},
		{
			"from": [ 10, 3, 6 ],
			"to": [ 13, 6, 7 ],
			"faces": {
				"down": { "uv": [ 3, 6, 6, 7 ], "texture": "#side", "cullface": "down" },
				"up": { "uv": [ 3, 6, 6, 7 ], "texture": "#side", "cullface": "up" },
				"west": { "uv": [ 3, 6, 6, 7 ], "texture": "#side", "cullface": "west", "rotation": 270 },
				"east": { "uv": [ 3, 6, 6, 7 ], "texture": "#side", "cullface": "east", "rotation": 90 }
			}
		},
		{
			"from": [ 2, 2, 7 ],
			"to": [ 7, 7, 13 ],
			"faces": {
				"down": { "uv": [ 2, 7, 7, 13 ], "texture": "#side", "cullface": "down" },
				"up": { "uv": [ 2, 7, 7, 13 ], "texture": "#side", "cullface": "up" },
				"north": { "uv": [ 0, 0, 16, 16 ], "texture": "#bottom", "cullface": "north" },
				"west": { "uv": [ 2, 7, 7, 13 ], "texture": "#side", "cullface": "west", "rotation": 270 },
				"east": { "uv": [ 2, 7, 7, 13 ], "texture": "#side", "cullface": "east", "rotation": 90 }
			}
		},
		{
			"from": [ 3, 3, 6 ],
			"to": [ 6, 6, 7 ],
			"faces": {
				"down": { "uv": [ 3, 6, 6, 7 ], "texture": "#side", "cullface": "down" },
				"up": { "uv": [ 3, 6, 6, 7 ], "texture": "#side", "cullface": "up" },
				"west": { "uv": [ 3, 6, 6, 7 ], "texture": "#side", "cullface": "west", "rotation": 270 },
				"east": { "uv": [ 3, 6, 6, 7 ], "texture": "#side", "cullface": "east", "rotation": 90 }
			}
		},
		{
			"from": [ 0.9558, 14.9558, 6 ],
			"to": [ 20.9558, 15.0183, 13 ],
			"rotation": { "origin": [ 0.9558, 14.9558, 6 ], "axis": "z", "angle": -45 },
			"faces": {
				"down": { "uv": [ 15, 13, 1, 6 ], "texture": "#side" },
				"up": { "uv": [ 1, 6, 15, 13 ], "texture": "#side" }
			}
		},
		{
			"from": [ 1.0442, 0.9558, 6 ],
			"to": [ 21.0442, 1.0183, 13 ],
			"rotation": { "origin": [ 1.0442, 0.9558, 6 ], "axis": "z", "angle": 45 },
			"faces": {
				"down": { "uv": [ 1, 6, 15, 13 ], "texture": "#side", "rotation": 180 },
				"up": { "uv": [ 1, 6, 15, 13 ], "texture": "#side" }
			}
		},
		{
			"from": [ 4, 4, 2 ],
			"to": [ 12, 12, 4 ],
			"faces": {
				"down": { "uv": [ 4, 4, 12, 6 ], "texture": "#side", "cullface": "down" },
				"up": { "uv": [ 4, 4, 12, 6 ], "texture": "#side", "cullface": "up", "rotation": 180 },
				"north": { "uv": [ 4, 4, 12, 12 ], "texture": "#platform", "cullface": "north" },
				"south": { "uv": [ 4, 4, 12, 12 ], "texture": "#bottom", "cullface": "south" },
				"west": { "uv": [ 0, 4, 8, 6 ], "texture": "#side", "cullface": "west", "rotation": 90 },
				"east": { "uv": [ 0, 4, 8, 6 ], "texture": "#side", "cullface": "east", "rotation": 270 }
			}
		}
	]
}