{
"textures": {
    "particle": "#platform",
    "side": "block/piston_side",
    "platform": "block/piston_top",
    "unsticky": "block/piston_top"
},
"elements": [ 
{
    "from": [ 0, 0, 0 ],
    "to": [ 16, 16, 4 ],
    "faces": {
        "down":  { "uv": [ 0, 0, 16, 4 ], "rotation": 180, "texture": "#side"},
        "up":    { "uv": [ 0, 0, 16, 4 ], "texture": "#side"},
        "north": { "uv": [ 0, 0, 16, 16 ], "texture": "#platform"},
        "south": { "uv": [ 0, 0, 16, 16 ], "texture": "#unsticky" },
        "west":  { "uv": [ 0, 0, 16, 4 ], "rotation": 270, "texture": "#side"},
        "east":  { "uv": [ 0, 0, 16, 4 ], "rotation": 90, "texture": "#side"}
    }
},
{
    "from": [ 6, 6, 4 ],
    "to": [ 10, 10, 20 ],
    "faces": {
        "down":  { "uv": [ 0, 0, 16, 4 ], "rotation": 90, "texture": "#side" },
        "up":    { "uv": [ 0, 0, 16, 4 ], "rotation": 270, "texture": "#side" },
        "west":  { "uv": [ 16, 4, 0, 0 ], "texture": "#side" },
        "east":  { "uv": [ 0, 0, 16, 4 ], "texture": "#side" }
    }
},
{
    "from": [ 6, 10, 4 ],
    "to": [ 10, 16, 6 ],
    "faces": {
        "down":  { "uv": [ 6, 3, 10, 5 ], "rotation": 180, "texture": "#side"},
        "up":    { "uv": [ 6, 3, 10, 5 ], "rotation": 180, "texture": "#side"},
        "north": { "uv": [ 6, 0, 10, 6 ], "texture": "#platform"},
        "south": { "uv": [ 6, 0, 10, 6 ], "texture": "#unsticky" },
        "west":  { "uv": [ 0, 3, 4, 5 ], "rotation": 90, "texture": "#side"},
        "east":  { "uv": [ 0, 3, 4, 5 ], "rotation": 270, "texture": "#side"}
    }
},
{
    "from": [ 6, 0, 4 ],
    "to": [ 10, 6, 6 ],
    "faces": {
        "down":  { "uv": [ 6, 3, 10, 5 ], "rotation": 180, "texture": "#side"},
        "up":    { "uv": [ 6, 3, 10, 5 ], "rotation": 180, "texture": "#side"},
        "north": { "uv": [ 6, 1, 10, 7 ], "texture": "#platform" },
        "south": { "uv": [ 6, 1, 10, 7 ], "texture": "#unsticky" },
        "west":  { "uv": [ 0, 3, 4, 5 ], "rotation": 90, "texture": "#side"},
        "east":  { "uv": [ 0, 3, 4, 5 ], "rotation": 270, "texture": "#side"}
    }
},
{
    "from": [ 10, 6, 4 ],
    "to": [ 16, 10, 6 ],
    "faces": {
        "down":  { "uv": [ 5, 4, 11, 6 ], "rotation": 180, "texture": "#side"},
        "up":    { "uv": [ 5, 4, 11, 6 ], "texture": "#side"},
        "north": { "uv": [ 4, 6, 10, 10 ], "texture": "#platform"},
        "south": { "uv": [ 4, 6, 10, 10 ], "texture": "#unsticky" },
        "west":  { "uv": [ 4, 4, 8, 6 ], "rotation": 270, "texture": "#side"},
        "east":  { "uv": [ 4, 4, 8, 6 ], "rotation": 90, "texture": "#side"}
    }
},
{
    "from": [ 0, 6, 4 ],
    "to": [ 6, 10, 6 ],
    "faces": {
        "down":  { "uv": [ 5, 4, 11, 6 ], "rotation": 180, "texture": "#side" },
        "up":    { "uv": [ 5, 4, 11, 6 ], "texture": "#side" },
        "north": { "uv": [ 6, 6, 12, 10 ], "texture": "#platform"},
        "south": { "uv": [ 6, 6, 12, 10 ], "texture": "#unsticky" },
        "west":  { "uv": [ 4, 4, 8, 6 ], "rotation": 270, "texture": "#side"},
        "east":  { "uv": [ 4, 4, 8, 6 ], "rotation": 90, "texture": "#side"}
    }
}
]
}