{
"textures": {
    "particle": "block/rail",
    "rail": "block/rail"
},
"elements": [ 
{
    "from": [ 6, 0, 0 ],
    "to": [ 10, 1, 16 ],
    "faces": {
        "down":  { "uv": [ 10, 16, 6, 0 ], "texture": "#rail" },
        "up":    { "uv": [ 6, 0, 10, 16 ], "texture": "#rail" },
        "north": { "uv": [ 6, 15, 10, 16 ], "texture": "#rail" },
        "south": { "uv": [ 6, 15, 10, 16 ], "texture": "#rail" },
        "west":  { "uv": [ 6, 0, 7, 16 ], "rotation": 90, "texture": "#rail" },
        "east":  { "uv": [ 6, 0, 7, 16 ], "rotation": 90, "texture": "#rail" }
    }
}
]
}