{
	"credit": "Made with Blockbench",
	"ambientocclusion": false,
	"textures": {
		"2": "block/cable_dot",
		"3": "block/redstone_dust_dot",
		"4": "block/redstone_dust_line1",
		"particle": "block/cable_dot",
		"line": "block/redstone_dust_line0",
		"overlay": "block/redstone_dust_overlay"
	},
	"elements": [
		{
			"from": [3.75, 2.01, -0.01],
			"to": [11.75, 2.01, 8.01],
			"shade": false,
			"faces": {
				"up": {"uv": [0, 0, 16, 8], "texture": "#line", "tintindex": 0}
			}
		},
		{
			"from": [3.75, 2.01, -0.01],
			"to": [11.75, 2.01, 8.01],
			"shade": false,
			"faces": {
				"up": {"uv": [0, 0, 16, 8], "texture": "#overlay"},
				"down": {"uv": [16, 0, 0, 8], "rotation": 180, "texture": "#overlay"}
			}
		},
		{
			"from": [3.75, 0.5, -0.01],
			"to": [11.75, 2.01, -0.01],
			"shade": false,
			"faces": {
				"north": {"uv": [0, 1, 16, 2.05], "rotation": 180, "texture": "#4", "tintindex": 0}
			}
		},
		{
			"from": [3.75, 0.5, -0.01],
			"to": [11.75, 2.01, -0.01],
			"shade": false,
			"faces": {
				"north": {"uv": [0, 1, 16, 2.05], "rotation": 180, "texture": "#overlay"},
				"south": {"uv": [16, 1, 0, 2.05], "rotation": 180, "texture": "#overlay"}
			}
		},
		{
			"from": [4.25, 0.5, 8.01],
			"to": [12.25, 2.01, 8.01],
			"shade": false,
			"faces": {
				"south": {"uv": [0, 1, 16, 2.05], "rotation": 180, "texture": "#4", "tintindex": 0}
			}
		},
		{
			"from": [4.25, 0.5, 8.01],
			"to": [12.25, 2.01, 8.01],
			"shade": false,
			"faces": {
				"north": {"uv": [16, 1, 0, 2.05], "rotation": 180, "texture": "#overlay"},
				"south": {"uv": [0, 1, 16, 2.05], "rotation": 180, "texture": "#overlay"}
			}
		},
		{
			"from": [7, 0, -0.01],
			"to": [9, 2, -0.01],
			"shade": false,
			"faces": {
				"north": {"uv": [5, 5, 11, 11.05], "rotation": 180, "texture": "#3", "tintindex": 0},
				"east": {"uv": [0, 0, 0, 0], "texture": "#3"},
				"south": {"uv": [16, 0, 0, 1.05], "rotation": 180, "texture": "#3", "tintindex": 0},
				"west": {"uv": [0, 0, 0, 0], "texture": "#3"},
				"up": {"uv": [0, 0, 0, 0], "texture": "#3"},
				"down": {"uv": [0, 0, 0, 0], "texture": "#3"}
			}
		},
		{
			"from": [7, 0, -0.01],
			"to": [9, 2, -0.01],
			"shade": false,
			"faces": {
				"north": {"uv": [0, 0, 16, 1.05], "rotation": 180, "texture": "#overlay"},
				"south": {"uv": [16, 0, 0, 1.05], "rotation": 180, "texture": "#overlay"}
			}
		},
		{
			"from": [7, 0, 8.01],
			"to": [9, 2, 8.01],
			"shade": false,
			"faces": {
				"north": {"uv": [16, 0, 0, 1.05], "rotation": 180, "texture": "#3", "tintindex": 0},
				"east": {"uv": [0, 0, 0, 0], "texture": "#3"},
				"south": {"uv": [5, 5, 11, 11.05], "rotation": 180, "texture": "#3", "tintindex": 0},
				"west": {"uv": [0, 0, 0, 0], "texture": "#3"},
				"up": {"uv": [0, 0, 0, 0], "rotation": 180, "texture": "#3"},
				"down": {"uv": [0, 0, 0, 0], "rotation": 180, "texture": "#3"}
			}
		},
		{
			"from": [7, 0, 8.01],
			"to": [9, 2, 8.01],
			"shade": false,
			"faces": {
				"north": {"uv": [16, 0, 0, 1.05], "rotation": 180, "texture": "#overlay"},
				"south": {"uv": [0, 0, 16, 1.05], "rotation": 180, "texture": "#overlay"}
			}
		},
		{
			"from": [7, 0, 0],
			"to": [9, 2, 8],
			"faces": {
				"north": {"uv": [5, 11, 7, 13], "rotation": 180, "texture": "#2"},
				"east": {"uv": [7, 0, 9, 8], "rotation": 90, "texture": "#2"},
				"south": {"uv": [5, 11, 7, 13], "texture": "#2"},
				"west": {"uv": [7, 0, 9, 8], "rotation": 270, "texture": "#2"},
				"up": {"uv": [7, 0, 9, 8], "texture": "#2"},
				"down": {"uv": [7, 0, 9, 8], "rotation": 180, "texture": "#2"}
			}
		}
	]
}