{
	"credit": "Made with Blockbench",
	"ambientocclusion": false,
	"textures": {
		"2": "block/cable_dot",
		"particle": "block/cable_dot",
		"line": "block/redstone_dust_line0",
		"overlay": "block/redstone_dust_overlay"
	},
	"elements": [
		{
			"from": [8, 2.01, 8],
			"to": [8.25, 2.01, 8.25],
			"shade": false,
			"faces": {
				"up": {"uv": [8, 7, 8.5, 7.5], "texture": "#line", "tintindex": 0}
			}
		},
		{
			"from": [8, 2.05, 8],
			"to": [8.25, 2.05, 8.25],
			"shade": false,
			"faces": {
				"up": {"uv": [8, 7, 8.5, 7.5], "texture": "#overlay"},
				"down": {"uv": [8.5, 7, 8, 7.5], "rotation": 180, "texture": "#overlay"}
			}
		},
		{
			"from": [8, 0, 8],
			"to": [9, 2, 9],
			"faces": {
				"east": {"uv": [7, 0, 9, 1], "rotation": 90, "texture": "#2"},
				"south": {"uv": [7, 0, 9, 1], "texture": "#2"},
				"up": {"uv": [5, 11, 6, 12], "texture": "#2"},
				"down": {"uv": [5, 11, 6, 12], "rotation": 180, "texture": "#2"}
			}
		}
	]
}