{
	"credit": "Made with Blockbench",
	"ambientocclusion": false,
	"textures": {
		"2": "block/cable_dot",
		"particle": "block/cable_dot",
		"line": "block/redstone_dust_line0",
		"overlay": "block/redstone_dust_overlay"
	},
	"elements": [
		{
			"from": [3.75, 18.01, 0],
			"to": [11.75, 18.01, 2.01],
			"shade": false,
			"faces": {
				"up": {"uv": [0, 0, 16, 2], "texture": "#line", "tintindex": 0}
			}
		},
		{
			"from": [3.75, 18.01, 0],
			"to": [11.75, 18.01, 2.01],
			"shade": false,
			"faces": {
				"up": {"uv": [0, 0, 16, 2], "texture": "#overlay"},
				"down": {"uv": [16, 0, 0, 2], "rotation": 180, "texture": "#overlay"}
			}
		},
		{
			"from": [3.75, 2, 2.01],
			"to": [11.75, 18.01, 2.01],
			"shade": false,
			"faces": {
				"south": {"uv": [0, 0, 16, 16], "texture": "#line", "tintindex": 0}
			}
		},
		{
			"from": [3.75, 2, 2.01],
			"to": [11.75, 18.01, 2.01],
			"shade": false,
			"faces": {
				"north": {"uv": [16, 0, 0, 16], "texture": "#overlay"},
				"south": {"uv": [0, 0, 16, 16], "texture": "#overlay"}
			}
		},
		{
			"from": [7, 2, 0],
			"to": [9, 18, 2],
			"faces": {
				"north": {"uv": [7, 0, 9, 16], "texture": "#2"},
				"east": {"uv": [7, 0, 9, 16], "texture": "#2"},
				"south": {"uv": [7, 0, 9, 16], "texture": "#2"},
				"west": {"uv": [7, 0, 9, 16], "texture": "#2"},
				"up": {"uv": [5, 11, 7, 13], "texture": "#2"}
			}
		}
	]
}