{
	"credit": "Made with Blockbench",
	"ambientocclusion": false,
	"textures": {
		"2": "block/cable_dot",
		"particle": "block/redstone_dust_dot_line",
		"line": "block/redstone_dust_dot_line",
		"overlay": "block/redstone_dust_overlay"
	},
	"elements": [
		{
			"from": [0, 2.51, 0],
			"to": [16, 2.51, 16],
			"shade": false,
			"faces": {
				"up": {"uv": [0, 0, 16, 16], "texture": "#line", "tintindex": 0}
			}
		},
		{
			"from": [0, 2.51, 0],
			"to": [16, 2.51, 16],
			"shade": false,
			"faces": {
				"up": {"uv": [0, 0, 16, 16], "texture": "#overlay"},
				"down": {"uv": [0, 16, 16, 0], "texture": "#overlay"}
			}
		},
		{
			"from": [4.5, -0.01, 6],
			"to": [11.5, 2.5, 10],
			"faces": {
				"north": {"uv": [0, 7, 6.95, 9.47], "texture": "#2"},
				"east": {"uv": [0, 11, 4, 13.47], "texture": "#2"},
				"south": {"uv": [0, 7, 6.95, 9.47], "texture": "#2"},
				"west": {"uv": [0, 11, 4, 13.47], "texture": "#2"},
				"up": {"uv": [0, 7, 6.95, 11], "texture": "#2"},
				"down": {"uv": [0, 7, 6.95, 11], "texture": "#2"}
			}
		}
	]
}