{
	"credit": "Made with Blockbench",
	"ambientocclusion": false,
	"textures": {
		"2": "block/cable_dot",
		"3": "block/redstone_dust_line1",
		"particle": "block/redstone_dust_dot",
		"line": "block/redstone_dust_dot",
		"overlay": "block/redstone_dust_overlay"
	},
	"elements": [
		{
			"from": [0, 2.51, 0],
			"to": [16, 2.51, 16],
			"shade": false,
			"faces": {
				"up": {"uv": [0, 0, 16, 16], "texture": "#line", "tintindex": 0}
			}
		},
		{
			"from": [0, 2.51, 0],
			"to": [16, 2.51, 16],
			"shade": false,
			"faces": {
				"up": {"uv": [0, 0, 16, 16], "texture": "#overlay"},
				"down": {"uv": [0, 16, 16, 0], "texture": "#overlay"}
			}
		},
		{
			"from": [4.5, -0.01, 4.5],
			"to": [11.5, 2.5, 11.5],
			"faces": {
				"north": {"uv": [0, 7, 7, 9.55], "texture": "#2"},
				"east": {"uv": [0, 7, 7, 9.55], "texture": "#2"},
				"south": {"uv": [0, 7, 7, 9.55], "texture": "#2"},
				"west": {"uv": [0, 7, 7, 9.55], "texture": "#2"},
				"up": {"uv": [0, 0, 7, 7], "rotation": 270, "texture": "#2"},
				"down": {"uv": [0, 0, 7, 7], "rotation": 90, "texture": "#2"}
			}
		},
		{
			"from": [7, 0, 4.49],
			"to": [9, 2, 4.49],
			"shade": false,
			"faces": {
				"north": {"uv": [5, 5, 11, 11], "rotation": 180, "texture": "#line", "tintindex": 0}
			}
		},
		{
			"from": [7, 0, 4.49],
			"to": [9, 2, 4.49],
			"shade": false,
			"faces": {
				"north": {"uv": [0, 0, 16, 16], "rotation": 180, "texture": "#overlay"},
				"south": {"uv": [0, 16, 16, 0], "texture": "#overlay"}
			}
		},
		{
			"from": [3.75, 0.5, 4.49],
			"to": [11.75, 2.01, 4.49],
			"shade": false,
			"faces": {
				"north": {"uv": [0, 1, 16, 2.51], "rotation": 180, "texture": "#3", "tintindex": 0}
			}
		},
		{
			"from": [3.75, 0.5, 4.49],
			"to": [11.75, 2.01, 4.49],
			"shade": false,
			"faces": {
				"north": {"uv": [0, 0, 16, 16], "rotation": 180, "texture": "#overlay"},
				"south": {"uv": [0, 16, 16, 0], "texture": "#overlay"}
			}
		},
		{
			"from": [11.51, 0, 7],
			"to": [11.51, 2, 9],
			"shade": false,
			"faces": {
				"east": {"uv": [5, 5, 11, 11], "rotation": 180, "texture": "#line", "tintindex": 0}
			}
		},
		{
			"from": [11.51, 0, 7],
			"to": [11.51, 2, 9],
			"shade": false,
			"faces": {
				"east": {"uv": [0, 0, 16, 16], "rotation": 180, "texture": "#overlay"},
				"west": {"uv": [0, 16, 16, 0], "texture": "#overlay"}
			}
		},
		{
			"from": [11.51, 0.5, 3.75],
			"to": [11.51, 2.01, 11.75],
			"shade": false,
			"faces": {
				"east": {"uv": [0, 1, 16, 2.51], "rotation": 180, "texture": "#3", "tintindex": 0}
			}
		},
		{
			"from": [11.51, 0.5, 3.75],
			"to": [11.51, 2.01, 11.75],
			"shade": false,
			"faces": {
				"east": {"uv": [0, 0, 16, 16], "rotation": 180, "texture": "#overlay"},
				"west": {"uv": [0, 16, 16, 0], "texture": "#overlay"}
			}
		},
		{
			"from": [7, 0, 11.51],
			"to": [9, 2, 11.51],
			"shade": false,
			"faces": {
				"south": {"uv": [5, 5, 11, 11], "rotation": 180, "texture": "#line", "tintindex": 0}
			}
		},
		{
			"from": [7, 0, 11.51],
			"to": [9, 2, 11.51],
			"shade": false,
			"faces": {
				"north": {"uv": [0, 16, 16, 0], "texture": "#overlay"},
				"south": {"uv": [0, 0, 16, 16], "rotation": 180, "texture": "#overlay"}
			}
		},
		{
			"from": [4.25, 0.5, 11.51],
			"to": [12.25, 2.01, 11.51],
			"shade": false,
			"faces": {
				"south": {"uv": [0, 1, 16, 2.51], "rotation": 180, "texture": "#3", "tintindex": 0}
			}
		},
		{
			"from": [4.25, 0.5, 11.51],
			"to": [12.25, 2.01, 11.51],
			"shade": false,
			"faces": {
				"north": {"uv": [0, 16, 16, 0], "texture": "#overlay"},
				"south": {"uv": [0, 0, 16, 16], "rotation": 180, "texture": "#overlay"}
			}
		},
		{
			"from": [4.49, 0, 7],
			"to": [4.49, 2, 9],
			"shade": false,
			"faces": {
				"west": {"uv": [5, 5, 11, 11], "rotation": 180, "texture": "#line", "tintindex": 0}
			}
		},
		{
			"from": [4.49, 0, 7],
			"to": [4.49, 2, 9],
			"shade": false,
			"faces": {
				"east": {"uv": [0, 16, 16, 0], "texture": "#overlay"},
				"west": {"uv": [0, 0, 16, 16], "rotation": 180, "texture": "#overlay"}
			}
		},
		{
			"from": [4.49, 0.5, 4.25],
			"to": [4.49, 2.01, 12.25],
			"shade": false,
			"faces": {
				"west": {"uv": [0, 1, 16, 2.51], "rotation": 180, "texture": "#3", "tintindex": 0}
			}
		},
		{
			"from": [4.49, 0.5, 4.25],
			"to": [4.49, 2.01, 12.25],
			"shade": false,
			"faces": {
				"east": {"uv": [0, 16, 16, 0], "texture": "#overlay"},
				"west": {"uv": [0, 0, 16, 16], "rotation": 180, "texture": "#overlay"}
			}
		}
	],
	"groups": [0, 1, 2,
		{
			"name": "group",
			"origin": [8, 8, 8],
			"children": [3, 4, 5, 6]
		},
		{
			"name": "group",
			"origin": [8, 8, 8],
			"children": [7, 8, 9, 10]
		},
		{
			"name": "group",
			"origin": [8, 8, 8],
			"children": [11, 12, 13, 14]
		},
		{
			"name": "group",
			"origin": [8, 8, 8],
			"children": [15, 16, 17, 18]
		}
	]
}