{
	"__comment": "Designed by Galingueur with Cubik Studio - https://cubik.studio",
	"textures": {
		"particle": "block/m_fence_spruce",
		"texture": "block/m_fence_spruce"
	},
	"elements": [
		{
			"__comment": "Cube1",
			"from": [ 9, 0, 7 ],
			"to": [ 9.5, 17, 9 ],
			"faces": {
				"down": { "uv": [ 3.5, 14, 4, 16 ], "texture": "#texture" },
				"up": { "uv": [ 3.5, 13, 4, 15 ], "texture": "#texture" },
				"north": { "uv": [ 15.5, 0, 16, 16 ], "texture": "#texture" },
				"south": { "uv": [ 15.5, 0, 16, 16 ], "texture": "#texture" },
				"west": { "uv": [ 13.5, 0, 15.5, 16 ], "texture": "#texture" },
				"east": { "uv": [ 13.5, 0, 15.5, 16 ], "texture": "#texture" }
			}
		},
		{
			"__comment": "Cube1",
			"from": [ 7, 0, 6.5 ],
			"to": [ 9, 17, 9.5 ],
			"faces": {
				"down": { "uv": [ 1, 12, 3, 15 ], "texture": "#texture" },
				"up": { "uv": [ 0, 12, 2, 15 ], "texture": "#texture" },
				"north": { "uv": [ 13.5, 0, 15.5, 16 ], "texture": "#texture" },
				"south": { "uv": [ 13.5, 0, 15.5, 16 ], "texture": "#texture" },
				"west": { "uv": [ 13, 0, 16, 16 ], "texture": "#texture" },
				"east": { "uv": [ 13, 0, 16, 16 ], "texture": "#texture" }
			}
		},
		{
			"__comment": "Cube4",
			"from": [ 7, 17, 7 ],
			"to": [ 9, 17.5, 9 ],
			"faces": {
				"down": { "uv": [ 0, 12, 2, 14 ], "texture": "#texture" },
				"up": { "uv": [ 0, 12, 2, 14 ], "texture": "#texture" },
				"north": { "uv": [ 0, 12.5, 2, 13 ], "texture": "#texture" },
				"south": { "uv": [ 0, 13, 2, 13.5 ], "texture": "#texture" },
				"west": { "uv": [ 0, 12.5, 2, 13 ], "texture": "#texture" },
				"east": { "uv": [ 0, 12, 2, 12.5 ], "texture": "#texture" }
			}
		},
		{
			"__comment": "Cube1",
			"from": [ 6.5, 0, 7 ],
			"to": [ 7, 17, 9 ],
			"faces": {
				"down": { "uv": [ 3.5, 14, 4, 16 ], "texture": "#texture" },
				"up": { "uv": [ 3.5, 13, 4, 15 ], "texture": "#texture" },
				"north": { "uv": [ 15.5, 0, 16, 16 ], "texture": "#texture" },
				"south": { "uv": [ 15.5, 0, 16, 16 ], "texture": "#texture" },
				"west": { "uv": [ 13.5, 0, 15.5, 16 ], "texture": "#texture" },
				"east": { "uv": [ 13.5, 0, 15.5, 16 ], "texture": "#texture" }
			}
		}
	]
}