{
	"credit": "Made with Blockbench",
	"textures": {
		"particle": "block/m_stone_button",
		"texture": "block/m_stone_button"
	},
	"elements": [
		{
			"from": [5.5, 0, 5],
			"to": [10.5, 1, 13],
			"rotation": {"angle": 0, "axis": "y", "origin": [8, 0.5, 9]},
			"faces": {
				"north": {"uv": [2, 8, 7, 9], "rotation": 180, "texture": "#texture"},
				"east": {"uv": [6, 8, 7, 9], "rotation": 90, "texture": "#texture"},
				"south": {"uv": [4, 8, 5, 9], "rotation": 90, "texture": "#texture"},
				"west": {"uv": [4, 8, 5, 9], "rotation": 90, "texture": "#texture"},
				"up": {"uv": [7, 5, 16, 0], "rotation": 90, "texture": "#texture"},
				"down": {"uv": [16, 5, 7, 0], "rotation": 180, "texture": "#texture", "cullface": "down"}
			}
		}
	],
	"display": {
		"thirdperson_righthand": {
			"rotation": [117, 0, -114],
			"translation": [7, 3.5, -1.25]
		},
		"thirdperson_lefthand": {
			"rotation": [117, 0, -114],
			"translation": [7, 3.5, -1.25]
		},
		"firstperson_righthand": {
			"rotation": [74, -6, -116],
			"translation": [6.75, 2, -1.25]
		},
		"firstperson_lefthand": {
			"rotation": [74, -6, -116],
			"translation": [6.75, 2, -1.25]
		},
		"ground": {
			"translation": [0, 4.25, 0]
		},
		"gui": {
			"rotation": [90, 0, 0],
			"translation": [-0.25, 1.75, 0],
			"scale": [1.75, 1.75, 1.75]
		},
		"fixed": {
			"rotation": [90, 0, 0],
			"translation": [0, 2, 14.25],
			"scale": [2, 2, 2]
		}
	}
}